Change,Close,Date,Momentum
0.0,64.647141,2013-07-31,0
0.00917066077214451,65.239998,2013-08-01,1
0.012831744722003172,66.077141,2013-08-02,1
0.0149392662131069,67.064285,2013-08-05,1
0.008946609957893377,66.464287,2013-08-06,0
0.0005803718318680978,66.425713,2013-08-07,0
0.008537943732722859,65.858574,2013-08-08,0
0.014229718973265425,64.921425,2013-08-09,0
0.028408064055895417,66.76571700000001,2013-08-12,1
0.047522158715078186,69.938568,2013-08-13,1
0.018240565062756148,71.214287,2013-08-14,1
0.001183610811128331,71.129997,2013-08-15,0
0.00887715488023996,71.761429,2013-08-16,1
0.010769810617901542,72.534286,2013-08-19,1
0.01313664271817599,71.581429,2013-08-20,0
0.0025745225063893225,71.76571700000001,2013-08-21,1
0.0011942749767273526,71.851425,2013-08-22,1
0.0038570981716786806,71.574287,2013-08-23,0
0.003892068110996299,71.852859,2013-08-26,1
0.02859023327102398,69.798569,2013-08-27,0
0.00472791927868884,70.128571,2013-08-28,1
0.0016296924116705866,70.242859,2013-08-29,1
0.00911124645424812,69.602859,2013-08-30,0
0.0027913077536084094,69.79714200000001,2013-09-03,1
0.020692681084276788,71.24143199999999,2013-09-04,1
0.006858073824231765,70.752853,2013-09-05,0
0.005956409983919564,71.174286,2013-09-06,1
0.015956774051797275,72.309998,2013-09-09,1
0.022778883218887727,70.66285699999999,2013-09-10,0
0.054443666210665445,66.815712,2013-09-11,0
0.010647690172035961,67.52714499999999,2013-09-12,1
0.016480202146855097,66.414284,2013-09-13,0
0.03179177539578669,64.302856,2013-09-16,0
0.011552503982093667,65.045715,2013-09-17,1
0.020556972892065182,66.382858,2013-09-18,1
0.01639835995009441,67.471428,2013-09-19,1
0.01035356773536798,66.772858,2013-09-20,0
0.04969943026850821,70.091431,2013-09-23,1
0.0031387859665754836,69.871429,2013-09-24,0
0.015477399209911714,68.790001,2013-09-25,0
0.009739758544268557,69.459999,2013-09-26,1
0.007136654292206332,68.964287,2013-09-27,0
0.01242885321209799,68.10714,2013-09-30,0
0.02351342311540321,69.708572,2013-10-01,1
0.003278922425781339,69.937141,2013-10-02,1
0.012562280748651082,69.058571,2013-10-03,0
0.0007860429084175241,69.004288,2013-10-04,0
0.009771653610859589,69.678574,2013-10-07,1
0.013962154277152743,68.705711,2013-10-08,0
0.011747858922528371,69.512856,2013-10-09,1
0.006268106722589418,69.94856999999999,2013-10-10,1
0.0064741566553829545,70.40142800000001,2013-10-11,1
0.006554213644643525,70.862854,2013-10-14,1
0.005322167803176559,71.239998,2013-10-15,1
0.00487289457812747,71.58714300000001,2013-10-16,1
0.006764943811209097,72.071426,2013-10-17,1
0.008701701004223046,72.69856999999999,2013-10-18,1
0.02450437470778321,74.480003,2013-10-21,1
0.002857948327418731,74.267143,2013-10-22,0
0.009790911170502386,74.994286,2013-10-23,1
0.013239115310731783,75.987144,2013-10-24,1
0.0111860764236645,75.137146,2013-10-25,0
0.007453011324119139,75.697144,2013-10-28,1
0.024911270100229914,73.811432,2013-10-29,0
0.015909269989505277,74.985718,2013-10-30,1
0.0041913714822335415,74.671425,2013-10-31,0
0.00510803161985988,74.290001,2013-11-01,0
0.012922317769251292,75.25,2013-11-04,1
0.002467973421926935,75.064285,2013-11-05,0
0.008621143863556516,74.41714499999999,2013-11-06,0
0.016182897099855133,73.21285999999999,2013-11-07,0
0.01574661883171914,74.36571500000001,2013-11-08,1
0.0029007049821279606,74.150002,2013-11-11,0
0.0018494672461371925,74.28714000000001,2013-11-12,1
0.0011923598081713845,74.37571700000001,2013-11-13,1
0.01446324208208965,75.451431,2013-11-14,1
0.006001980267279572,74.998573,2013-11-15,0
0.012114590500275173,74.089996,2013-11-18,0
0.001773950696393664,74.221428,2013-11-19,1
0.008757605687672846,73.571426,2013-11-20,0
0.011922346047771142,74.44856999999999,2013-11-21,1
0.0025712918327374886,74.257141,2013-11-22,0
0.007579863598572815,74.82,2013-11-25,1
0.018444226142742624,76.199997,2013-11-26,1
0.023547100664584097,77.994286,2013-11-27,1
0.018517792444436264,79.438568,2013-11-29,1
0.00870384521533678,78.747147,2013-12-02,0
0.027375061600644457,80.902855,2013-12-03,1
0.002330795371807381,80.714287,2013-12-04,0
0.005132722042133569,81.128571,2013-12-05,1
0.013875728194448194,80.002853,2013-12-06,0
0.011446066804642557,80.918571,2013-12-09,1
0.0015536235804262354,80.792854,2013-12-10,0
0.00740871216159794,80.194283,2013-12-11,0
0.0014607275683230585,80.077141,2013-12-12,0
0.010900189356160939,79.204285,2013-12-13,0
0.005537263545779122,79.64286,2013-12-16,1
0.004502274277945372,79.284286,2013-12-17,0
0.007603764004382851,78.681427,2013-12-18,0
0.011456680875907293,77.779999,2013-12-19,0
0.008375263671577003,78.431427,2013-12-20,1
0.03837749885642142,81.441429,2013-12-23,1
0.004244989365302088,81.095711,2013-12-24,0
0.00664112803696857,80.557144,2013-12-26,0
0.006756545390933852,80.012856,2013-12-27,0
0.009944851862305712,79.21714,2013-12-30,0
0.01172188241080147,80.145714,2013-12-31,1
0.014063684054271464,79.01857,2014-01-02,0
0.02196584929340024,77.28286,2014-01-03,0
0.005453020242780861,77.704285,2014-01-06,1
0.007151600455496178,77.148575,2014-01-07,0
0.0063328583839689515,77.637146,2014-01-08,1
0.012770072717510806,76.645714,2014-01-09,0
0.006672636646062255,76.13428499999999,2014-01-10,0
0.005235157852996297,76.53286,2014-01-13,1
0.019898080380113873,78.055717,2014-01-14,1
0.02007718409658574,79.622856,2014-01-15,1
0.005579829992533817,79.178574,2014-01-16,0
0.024501615803285425,77.238571,2014-01-17,0
0.015536240306672822,78.438568,2014-01-21,1
0.00444388530907403,78.78714000000001,2014-01-22,1
0.008467689016253043,79.454285,2014-01-23,1
0.018177534414915427,78.010002,2014-01-24,0
0.008112523827393298,78.64286,2014-01-27,1
0.07992740854033027,72.35714,2014-01-28,0
0.011352397289334541,71.535713,2014-01-29,0
0.0019371023812958482,71.397141,2014-01-30,0
0.0016406959488754528,71.514282,2014-01-31,1
0.0018577967405169573,71.647141,2014-02-03,1
0.014475762542988145,72.684288,2014-02-04,1
0.007468656774900313,73.227142,2014-02-05,1
0.00015606235185302068,73.215714,2014-02-06,0
0.013989947567813028,74.239998,2014-02-07,1
0.01791489811193143,75.57,2014-02-10,1
0.013176022231044221,76.565712,2014-02-11,1
7.462870586264208e-05,76.559998,2014-02-12,0
0.015879219328088386,77.775711,2014-02-13,1
0.0008081057593933033,77.71285999999999,2014-02-14,0
0.003676521492067095,77.998573,2014-02-18,1
0.015787852939309403,76.767143,2014-02-19,0
0.011574899954268332,75.878571,2014-02-20,0
0.011107984624539024,75.035713,2014-02-21,0
0.004378914877506405,75.364288,2014-02-24,1
0.010406600006623754,74.58000200000001,2014-02-25,0
0.009021976159239074,73.907143,2014-02-26,0
0.019947855378471126,75.38143199999999,2014-02-27,1
0.0027101236283225924,75.177139,2014-02-28,0
0.0028884844899459234,75.394287,2014-03-03,1
0.006593855048990516,75.891426,2014-03-04,1
0.0021083277576048566,76.05143000000001,2014-03-05,1
0.0030243218306349805,75.821426,2014-03-06,0
0.0005840169769428001,75.77714499999999,2014-03-07,0
0.0009048374678143936,75.845711,2014-03-10,1
0.00973780837785287,76.584282,2014-03-11,1
0.000970003218153801,76.658569,2014-03-12,1
0.011106716588983106,75.807144,2014-03-13,0
0.011231566776872641,74.955711,2014-03-14,0
0.003907133907381647,75.248573,2014-03-17,1
0.008846825573688976,75.914284,2014-03-18,1
0.0002634155121582835,75.894287,2014-03-19,0
0.004818742153806763,75.528572,2014-03-20,0
0.007887227101288164,76.12428299999999,2014-03-21,1
0.011860367867110144,77.02714499999999,2014-03-24,1
0.010756831244362027,77.855713,2014-03-25,1
0.009559812264515364,77.111427,2014-03-26,0
0.004298040029787057,76.779999,2014-03-27,0
0.0011163844896638381,76.694283,2014-03-28,0
0.00022353687040795237,76.677139,2014-03-31,0
0.009147863485099477,77.378571,2014-04-01,1
0.0016615711344683598,77.507141,2014-04-02,1
0.006930200147622629,76.970001,2014-04-03,0
0.012936364649391099,75.974289,2014-04-04,0
0.01570089059997653,74.781425,2014-04-07,0
5.7233464058868886e-05,74.77714499999999,2014-04-08,0
0.013143815533476304,75.760002,2014-04-09,1
0.012897861327933975,74.78286,2014-04-10,0
0.007392830389209547,74.230003,2014-04-11,0
0.003983672208662106,74.525711,2014-04-14,1
0.007130760550543405,73.994286,2014-04-15,0
0.002027197073028087,74.144287,2014-04-16,1
0.011425627439103749,74.99143199999999,2014-04-17,1
0.011868022469553598,75.88143199999999,2014-04-21,1
0.00099779350500403,75.957146,2014-04-22,1
0.013071304706472197,74.964287,2014-04-23,0
0.08198189092360737,81.110001,2014-04-24,1
0.007344470381648705,81.705711,2014-04-25,1
0.038727917073018356,84.870003,2014-04-28,1
0.0029625897385674245,84.61856800000001,2014-04-29,0
0.0037816640905576405,84.298569,2014-04-30,0
0.002355650900788099,84.497147,2014-05-01,1
0.0018597314297488345,84.654289,2014-05-02,1
0.014141468957349584,85.851425,2014-05-05,1
0.010899143491211797,84.915718,2014-05-06,0
0.0034993521458534663,84.61856800000001,2014-05-07,0
0.0073269379836351884,83.998573,2014-05-08,0
0.004166713641671024,83.648575,2014-05-09,0
0.012450026793642486,84.690002,2014-05-12,1
0.0015687684125925074,84.822861,2014-05-13,1
0.0001851977145640828,84.83856999999999,2014-05-14,1
0.008503537954493916,84.117142,2014-05-15,0
0.014758371129632568,85.358574,2014-05-16,1
0.011849178736280113,86.370003,2014-05-19,1
0.00019848326275969159,86.387146,2014-05-20,1
0.002645868171174533,86.61571500000001,2014-05-21,1
0.0015832923621307414,86.752853,2014-05-22,1
0.011296504565676864,87.732857,2014-05-23,1
0.018725709570816932,89.37571700000001,2014-05-27,1
0.002589405800235461,89.144287,2014-05-28,0
0.018220831134136403,90.76857,2014-05-29,1
0.0037457459118282826,90.428574,2014-05-30,0
0.00687205351706645,89.807144,2014-06-02,0
0.014141380556540175,91.077141,2014-06-03,1
0.01141890257622386,92.117142,2014-06-04,1
0.003923558548961407,92.478569,2014-06-05,1
0.002749610020457759,92.224289,2014-06-06,0
0.01600129440954538,93.699997,2014-06-09,1
0.005869829430197354,94.25,2014-06-10,1
0.0041379204244032155,93.860001,2014-06-11,0
0.016727040094533914,92.290001,2014-06-12,0
0.010943785773715617,91.279999,2014-06-13,0
0.01007885637684979,92.199997,2014-06-16,1
0.001301464250589821,92.08000200000001,2014-06-17,0
0.0010859904195049796,92.18,2014-06-18,1
0.003471458016923518,91.860001,2014-06-19,0
0.010341791744591818,90.910004,2014-06-20,0
0.0008800131611477351,90.83000200000001,2014-06-23,0
0.006055300978634832,90.279999,2014-06-24,0
0.0008861541967894045,90.360001,2014-06-25,1
0.00597610661823702,90.900002,2014-06-26,1
0.011881198858499429,91.980003,2014-06-27,1
0.010328299293488939,92.93,2014-06-30,1
0.006348832454535637,93.519997,2014-07-01,1
0.00042765185289737754,93.480003,2014-07-02,0
0.005883568488974132,94.029999,2014-07-03,1
0.020631734772218732,95.970001,2014-07-07,1
0.006460383385845718,95.349998,2014-07-08,0
0.00041951757565850947,95.389999,2014-07-09,1
0.0036691267813096355,95.040001,2014-07-10,0
0.0018939393740115028,95.220001,2014-07-11,1
0.012917412172679981,96.449997,2014-07-14,1
0.011715884242070044,95.32,2014-07-15,0
0.0056651384809063106,94.779999,2014-07-16,0
0.01783079782476052,93.089996,2014-07-17,0
0.014394715410665691,94.43,2014-07-18,1
0.005189007730594089,93.940002,2014-07-21,0
0.008303161415729897,94.720001,2014-07-22,1
0.026076868390235878,97.190002,2014-07-23,1
0.00164629073677767,97.029999,2014-07-24,0
0.006595887937708717,97.66999799999999,2014-07-25,1
0.013822043899294553,99.019997,2014-07-28,1
0.006463340935063859,98.379997,2014-07-29,0
0.0023378227994863875,98.150002,2014-07-30,0
0.025980682099221976,95.599998,2014-07-31,0
0.005543922710123945,96.129997,2014-08-01,1
0.005617403691378495,95.589996,2014-08-04,0
0.004916759280960764,95.120003,2014-08-05,0
0.0016821277854669613,94.959999,2014-08-06,0
0.005054717829135612,94.480003,2014-08-07,0
0.002751852156482293,94.739998,2014-08-08,1
0.013194004922820454,95.989998,2014-08-11,1
0.0002083237880680401,95.970001,2014-08-12,0
0.013233270675906355,97.239998,2014-08-13,1
0.0026738174141056653,97.5,2014-08-14,1
0.004923107692307655,97.980003,2014-08-15,1
0.012043283974996452,99.160004,2014-08-18,1
0.013816003879951466,100.529999,2014-08-19,1
0.0003979011280005038,100.57,2014-08-20,1
9.945311723192082e-05,100.58000200000001,2014-08-21,1
0.007357307469530431,101.32,2014-08-22,1
0.0021713482037111187,101.540001,2014-08-25,1
0.006401437793958665,100.889999,2014-08-26,0
0.012290593837749962,102.129997,2014-08-27,1
0.0011750024823754472,102.25,2014-08-28,1
0.0024449877750611247,102.5,2014-08-29,1
0.007804907317073208,103.300003,2014-09-02,1
0.042207172055938824,98.940002,2014-09-03,0
0.00828784094829521,98.120003,2014-09-04,0
0.008662841153806318,98.970001,2014-09-05,1
0.006163483821728964,98.360001,2014-09-08,0
0.003761722206570504,97.989998,2014-09-09,0
0.030717441182109218,101.0,2014-09-10,1
0.004257425742574325,101.43,2014-09-11,1
0.002267613132209345,101.660004,2014-09-12,1
0.00029517016347941195,101.629997,2014-09-15,0
0.007576463866273715,100.860001,2014-09-16,0
0.0071386178154014745,101.58000200000001,2014-09-17,1
0.0020673262046204356,101.790001,2014-09-18,1
0.00815406220499013,100.959999,2014-09-19,0
0.0009904813885744674,101.059998,2014-09-22,1
0.01563428687184429,102.639999,2014-09-23,1
0.008671073739975417,101.75,2014-09-24,0
0.03813264864864868,97.870003,2014-09-25,0
0.02942675908572316,100.75,2014-09-26,1
0.006352347394540974,100.110001,2014-09-29,0
0.006392957682619573,100.75,2014-09-30,1
0.015583126550868418,99.18,2014-10-01,0
0.007259548296027362,99.900002,2014-10-02,1
0.0028027927366808627,99.620003,2014-10-03,0
0.0,99.620003,2014-10-06,0
0.008733215958646347,98.75,2014-10-07,0
0.02075952405063295,100.800003,2014-10-08,1
0.002182480093775392,101.019997,2014-10-09,1
0.0028706593606413113,100.730003,2014-10-10,0
0.009133376080610295,99.809998,2014-10-13,0
0.010620158513578903,98.75,2014-10-14,0
0.01225315443037971,97.540001,2014-10-15,0
0.013122811019860493,96.260002,2014-10-16,0
0.0146477869385458,97.66999799999999,2014-10-17,1
0.02139862847135522,99.760002,2014-10-20,1
0.027165185902863116,102.470001,2014-10-21,1
0.005074626670492602,102.989998,2014-10-22,1
0.017865851400443833,104.83000200000001,2014-10-23,1
0.0037202994615986827,105.220001,2014-10-24,1
0.001045428615800901,105.110001,2014-10-27,0
0.01550753481583549,106.739998,2014-10-28,1
0.005621116837570105,107.339996,2014-10-29,1
0.003353763866359776,106.980003,2014-10-30,0
0.00953446411849515,108.0,2014-10-31,1
0.012962981481481487,109.400002,2014-11-03,1
0.007312650688982632,108.599998,2014-11-04,0
0.0023941344823965607,108.860001,2014-11-05,1
0.001469814427063993,108.699997,2014-11-06,0
0.0028519320014333016,109.010002,2014-11-07,1
0.0016512246279932424,108.83000200000001,2014-11-10,0
0.007994073178460372,109.699997,2014-11-11,1
0.0141294716717267,111.25,2014-11-12,1
0.014112359550561736,112.82,2014-11-13,1
0.012054600248183068,114.18,2014-11-14,1
0.0016640567524961191,113.989998,2014-11-17,0
0.012983621598098426,115.470001,2014-11-18,1
0.0069282323813265045,114.66999799999999,2014-11-19,0
0.014301910077647343,116.309998,2014-11-20,1
0.0013756598981284759,116.470001,2014-11-21,1
0.018545513707001745,118.629997,2014-11-24,1
0.008682449852881675,117.599998,2014-11-25,0
0.011904779114026862,119.0,2014-11-26,1
0.0005882352941175898,118.93,2014-11-28,0
0.03245606659379478,115.07,2014-12-01,0
0.003823785521856176,114.629997,2014-12-02,0
0.011340862200319204,115.93,2014-12-03,1
0.0037954110238937883,115.489998,2014-12-04,0
0.004242774339644546,115.0,2014-12-05,0
0.02260867826086956,112.400002,2014-12-08,0
0.015302499727713496,114.120003,2014-12-09,1
0.019015123930552304,111.949997,2014-12-10,0
0.0029476910124437007,111.620003,2014-12-11,0
0.016932448926739417,109.730003,2014-12-12,0
0.013669916695436525,108.230003,2014-12-15,0
0.013674609248601761,106.75,2014-12-16,0
0.02491807025761125,109.410004,2014-12-17,1
0.029613361498460413,112.650002,2014-12-18,1
0.007723062446106277,111.779999,2014-12-19,0
0.010377554217011607,112.940002,2014-12-22,1
0.0035417123509525273,112.540001,2014-12-23,0
0.004709427717172347,112.010002,2014-12-24,0
0.017676957098884793,113.989998,2014-12-26,1
0.0007017633248839887,113.910004,2014-12-29,0
0.012202677123951264,112.519997,2014-12-30,0
0.019018841601995427,110.379997,2014-12-31,0
0.00951254782150425,109.33000200000001,2015-01-02,0
0.02817160837516501,106.25,2015-01-05,0
9.413647058823592e-05,106.260002,2015-01-06,1
0.014022190588703357,107.75,2015-01-07,1
0.038422264501160125,111.889999,2015-01-08,1
0.0010725087235008105,112.010002,2015-01-09,1
0.024640674499764762,109.25,2015-01-12,0
0.008878727688787152,110.220001,2015-01-13,1
0.0038105425166888953,109.800003,2015-01-14,0
0.027140281589974186,106.82,2015-01-15,0
0.007770099232353429,105.989998,2015-01-16,0
0.025757175691238303,108.720001,2015-01-20,1
0.007634308244717616,109.550003,2015-01-21,1
0.026015508187617272,112.400002,2015-01-22,1
0.0051601511537339275,112.980003,2015-01-23,1
0.0010620906073086488,113.099998,2015-01-26,1
0.03501325437689218,109.139999,2015-01-27,0
0.056532884886685675,115.309998,2015-01-28,1
0.03113350153730822,118.900002,2015-01-29,1
0.014634129274446942,117.160004,2015-01-30,0
0.012546884173885844,118.629997,2015-02-02,1
0.00016863357081596831,118.650002,2015-02-03,1
0.0076695826772931065,119.559998,2015-02-04,1
0.0031783540177042643,119.940002,2015-02-05,1
0.008420893639805008,118.93,2015-02-06,0
0.006642571260405192,119.720001,2015-02-09,1
0.019211459913034978,122.019997,2015-02-10,1
0.023438781104051325,124.879997,2015-02-11,1
0.012652162379536197,126.459999,2015-02-12,1
0.004902759804703234,127.08000200000001,2015-02-13,1
0.005901794052537078,127.83000200000001,2015-02-17,1
0.006962363968358452,128.720001,2015-02-18,1
0.0020976071931509705,128.449997,2015-02-19,0
0.008174410467288713,129.5,2015-02-20,1
0.02702702702702703,133.0,2015-02-23,1
0.0062406165413534396,132.169998,2015-02-24,0
0.02557316373720465,128.78999299999998,2015-02-25,0
0.012656301642939072,130.419998,2015-02-26,1
0.015028301104558934,128.46000700000002,2015-02-27,0
0.004904164453299199,129.08999599999999,2015-03-02,1
0.0020916028225767863,129.360001,2015-03-03,1
0.006338960989958788,128.53999299999998,2015-03-04,0
0.016570632612372873,126.410004,2015-03-05,0
0.0015029981329642127,126.599998,2015-03-06,1
0.004265410809880137,127.139999,2015-03-09,1
0.020685834675836384,124.510002,2015-03-10,0
0.018231499185101613,122.239998,2015-03-11,0
0.018079180596845202,124.449997,2015-03-12,1
0.006910413987394446,123.589996,2015-03-13,0
0.011004134994874478,124.949997,2015-03-16,1
0.016726723090677686,127.040001,2015-03-17,1
0.011256297140614732,128.470001,2015-03-18,1
0.007550408596945495,127.5,2015-03-19,0
0.012549003921568623,125.900002,2015-03-20,0
0.010405059405797274,127.209999,2015-03-23,1
0.004087705401208197,126.690002,2015-03-24,0
0.026126805175991738,123.379997,2015-03-25,0
0.006970343823237383,124.239998,2015-03-26,1
0.007968432195241985,123.25,2015-03-27,0
0.025314425963488818,126.370003,2015-03-30,1
0.015351768251520815,124.43,2015-03-31,0
0.0014465964799486202,124.25,2015-04-01,0
0.008611670020120669,125.32,2015-04-02,1
0.016198515799553195,127.349998,2015-04-06,1
0.010522151716091895,126.010002,2015-04-07,0
0.0032537417148838766,125.599998,2015-04-08,0
0.007643312223619572,126.559998,2015-04-09,1
0.00426675101559346,127.099998,2015-04-10,1
0.001966955184373803,126.849998,2015-04-13,0
0.00433579037186895,126.300003,2015-04-14,0
0.0038004432984851144,126.779999,2015-04-15,1
0.004811492386902536,126.16999799999999,2015-04-16,0
0.011254640742722312,124.75,2015-04-17,0
0.022845675350701398,127.599998,2015-04-20,1
0.005407476573784889,126.910004,2015-04-21,0
0.013474044173854002,128.619995,2015-04-22,1
0.008163606288431312,129.669998,2015-04-23,1
0.004704257032532778,130.279999,2015-04-24,1
0.01819154911108027,132.649994,2015-04-27,1
0.01575571876769165,130.559998,2015-04-28,0
0.01470587491890141,128.639999,2015-04-29,0
0.027129952014380756,125.150002,2015-04-30,0
0.030363523286240104,128.949997,2015-05-01,1
0.0019387359892687707,128.699997,2015-05-04,0
0.02253297643822006,125.800003,2015-05-05,0
0.006279817020354154,125.010002,2015-05-06,0
0.001999839980804096,125.260002,2015-05-07,1
0.018840818795452335,127.620003,2015-05-08,1
0.010186514413418434,126.32,2015-05-11,0
0.0035623575047498118,125.870003,2015-05-12,0
0.0011122507083757129,126.010002,2015-05-13,1
0.02333144157874068,128.949997,2015-05-14,1
0.0013958356276657848,128.770004,2015-05-15,0
0.011027397343250782,130.190002,2015-05-18,1
0.0009216913599862204,130.070007,2015-05-19,0
7.695086846575324e-05,130.059998,2015-05-20,0
0.010226057361618454,131.389999,2015-05-21,1
0.008752523089675893,132.53999299999998,2015-05-22,1
0.022031071029255243,129.619995,2015-05-26,0
0.018669943630224586,132.03999299999998,2015-05-27,1
0.001969054936256909,131.779999,2015-05-28,0
0.011382607462305414,130.279999,2015-05-29,0
0.0019956555265246635,130.53999299999998,2015-06-01,1
0.004442975571478411,129.96000700000002,2015-06-02,0
0.0012310556431408166,130.119995,2015-06-03,1
0.00584071648634768,129.360001,2015-06-04,0
0.005488613130112906,128.649994,2015-06-05,0
0.006607003806000867,127.800003,2015-06-08,0
0.0029734349849742277,127.41999799999999,2015-06-09,0
0.01145822494833204,128.880005,2015-06-10,1
0.002250224928219285,128.58999599999999,2015-06-11,0
0.011042834156398859,127.16999799999999,2015-06-12,0
0.0019658724851124086,126.91999799999999,2015-06-15,0
0.005357705725775436,127.599998,2015-06-16,1
0.0023510580305808122,127.300003,2015-06-17,0
0.004556119295613836,127.879997,2015-06-18,1
0.01000937621229381,126.599998,2015-06-19,0
0.007977906919082239,127.610001,2015-06-22,1
0.004545113983660209,127.029999,2015-06-23,0
0.008501944489506037,128.110001,2015-06-24,1
0.004761540826153074,127.5,2015-06-25,0
0.0058823529411764705,126.75,2015-06-26,0
0.017514800788954607,124.529999,2015-06-29,0
0.00722718226312684,125.43,2015-06-30,1
0.009327896037630491,126.599998,2015-07-01,1
0.0012637914891593638,126.440002,2015-07-02,0
0.003479927183171089,126.0,2015-07-06,0
0.0024603015873015327,125.690002,2015-07-07,0
0.024822992683220847,122.57,2015-07-08,0
0.02039650811781023,120.07,2015-07-09,0
0.026734396601982267,123.279999,2015-07-10,1
0.019305686399299832,125.660004,2015-07-13,1
0.00039792295406901145,125.610001,2015-07-14,0
0.009632982966061725,126.82,2015-07-15,1
0.013325934395205886,128.509995,2015-07-16,1
0.00863746045589672,129.619995,2015-07-17,1
0.018901497411722746,132.070007,2015-07-20,1
0.009994752252871494,130.75,2015-07-21,0
0.04229444741873808,125.220001,2015-07-22,0
0.00047913272257517104,125.160004,2015-07-23,0
0.005273282030256253,124.5,2015-07-24,0
0.013895606425702782,122.769997,2015-07-27,0
0.004968640668778378,123.379997,2015-07-28,1
0.003160958092744994,122.989998,2015-07-29,0
0.00504101967706352,122.370003,2015-07-30,0
0.008743972981679123,121.300003,2015-07-31,0
0.023577913679029314,118.440002,2015-08-03,0
0.03208378027551877,114.639999,2015-08-04,0
0.006629474935707192,115.400002,2015-08-05,1
0.0023397313286008226,115.129997,2015-08-06,0
0.003387475116498097,115.519997,2015-08-07,1
0.03635737629044426,119.720001,2015-08-10,1
0.05203811349784399,113.489998,2015-08-11,0
0.015419861052425078,115.239998,2015-08-12,1
0.0007809441301795172,115.150002,2015-08-13,0
0.007034276907784992,115.959999,2015-08-14,1
0.010348439206178369,117.160004,2015-08-17,1
0.005633355901899771,116.5,2015-08-18,0
0.012789682403433476,115.010002,2015-08-19,0
0.02051995442970255,112.650002,2015-08-20,0
0.06116289283332636,105.760002,2015-08-21,0
0.02496216858997415,103.120003,2015-08-24,0
0.00601236406092815,103.739998,2015-08-25,1
0.057354965439656236,109.690002,2015-08-26,1
0.02944658529589584,112.91999799999999,2015-08-27,1
0.003276682665191078,113.290001,2015-08-28,1
0.004678250466252566,112.760002,2015-08-31,0
0.04469670903340356,107.720001,2015-09-01,0
0.042888924592564784,112.339996,2015-09-02,1
0.017535989586469295,110.370003,2015-09-03,0
0.00996653048926703,109.269997,2015-09-04,0
0.02782100378386566,112.309998,2015-09-08,1
0.019232446251134228,110.150002,2015-09-09,0
0.021970022297412146,112.57,2015-09-10,1
0.014568703917562435,114.209999,2015-09-11,1
0.009631372118302855,115.309998,2015-09-14,1
0.008412115313712958,116.279999,2015-09-15,1
0.0011180340653425447,116.410004,2015-09-16,1
0.021389965762736406,113.91999799999999,2015-09-17,0
0.004125711097712593,113.449997,2015-09-18,0
0.01551346008409326,115.209999,2015-09-21,1
0.01571041589888388,113.400002,2015-09-22,0
0.008112856999773179,114.32,2015-09-23,1
0.005948215535339458,115.0,2015-09-24,1
0.002521747826086989,114.709999,2015-09-25,0
0.019789007233798245,112.440002,2015-09-28,0
0.030060511738518234,109.059998,2015-09-29,0
0.01136993418980267,110.300003,2015-09-30,1
0.006527660747207743,109.58000200000001,2015-10-01,0
0.0073005565376791605,110.379997,2015-10-02,1
0.003623863117155191,110.779999,2015-10-05,1
0.0047842481024033,111.309998,2015-10-06,1
0.00476146805788272,110.779999,2015-10-07,0
0.011554423285380276,109.5,2015-10-08,0
0.023926968036529654,112.120003,2015-10-09,1
0.004637932448146631,111.599998,2015-10-12,0
0.0017025358728053415,111.790001,2015-10-13,1
0.014133661202847717,110.209999,2015-10-14,0
0.01497143648463331,111.860001,2015-10-15,1
0.007330591745658872,111.040001,2015-10-16,0
0.006213994900810499,111.730003,2015-10-19,1
0.0182582470708428,113.769997,2015-10-20,1
8.785268755877288e-05,113.760002,2015-10-21,0
0.01529534080001159,115.5,2015-10-22,1
0.030995688311688377,119.08000200000001,2015-10-23,1
0.03191134477810979,115.279999,2015-10-26,0
0.006332373406769372,114.550003,2015-10-27,0
0.04120466064064616,119.269997,2015-10-28,1
0.010564282985602825,120.529999,2015-10-29,1
0.008545582083676975,119.5,2015-10-30,0
0.014058577405857798,121.18,2015-11-02,1
0.011470539693018537,122.57,2015-11-03,1
0.004650403850860677,122.0,2015-11-04,0
0.008852475409836127,120.91999799999999,2015-11-05,0
0.001157790293711389,121.059998,2015-11-06,1
0.00404756325867443,120.57,2015-11-09,0
0.03151698598324616,116.769997,2015-11-10,0
0.005652102568778919,116.110001,2015-11-11,0
0.0033588837881415624,115.720001,2015-11-12,0
0.02920847710673626,112.339996,2015-11-13,0
0.016378886109271427,114.18,2015-11-16,1
0.004291452093186196,113.690002,2015-11-17,0
0.03166504474157716,117.290001,2015-11-18,1
0.01270353813024522,118.779999,2015-11-19,1
0.004377875099998949,119.300003,2015-11-20,1
0.012992480813265391,117.75,2015-11-23,0
0.00959657749469217,118.879997,2015-11-24,1
0.007150050651498581,118.029999,2015-11-25,0
0.0018639413866301103,117.809998,2015-11-27,0
0.004159281965186102,118.300003,2015-11-30,1
0.008115020926922584,117.339996,2015-12-01,0
0.00903355237884954,116.279999,2015-12-02,0
0.009287942976332562,115.199997,2015-12-03,0
0.03324654600468442,119.029999,2015-12-04,1
0.006300932590951294,118.279999,2015-12-07,0
0.00042269192105765283,118.230003,2015-12-08,0
0.02207561476590675,115.620003,2015-12-09,0
0.00475691909470021,116.16999799999999,2015-12-10,1
0.025738125604512673,113.18,2015-12-11,0
0.006184811804205782,112.480003,2015-12-14,0
0.017692078119876976,110.489998,2015-12-15,0
0.007692985929821443,111.339996,2015-12-16,1
0.021196273439779922,108.980003,2015-12-17,0
0.02706922296561134,106.029999,2015-12-18,0
0.012260709348870255,107.33000200000001,2015-12-21,1
0.0009316966191802647,107.230003,2015-12-22,0
0.012869513768455276,108.610001,2015-12-23,1
0.005340226449311912,108.029999,2015-12-24,0
0.011200583275021695,106.82,2015-12-28,0
0.01797414341883549,108.739998,2015-12-29,1
0.013058653909484224,107.32,2015-12-30,0
0.019194912411479623,105.260002,2015-12-31,0
0.0008549876333842298,105.349998,2016-01-04,1
0.025059317039569408,102.709999,2016-01-05,0
0.0195696818184177,100.699997,2016-01-06,0
0.0422045692811689,96.449997,2016-01-07,0
0.005287734741972051,96.959999,2016-01-08,1
0.01619224439142174,98.529999,2016-01-11,1
0.014513346336276656,99.959999,2016-01-12,1
0.025710284370851117,97.389999,2016-01-13,0
0.02187080831574914,99.519997,2016-01-14,1
0.02401527403583021,97.129997,2016-01-15,0
0.004838803814644433,96.660004,2016-01-19,0
0.0013448892470561353,96.790001,2016-01-20,1
0.005062485741683172,96.300003,2016-01-21,0
0.053167132300089216,101.41999799999999,2016-01-22,1
0.019522737517703222,99.440002,2016-01-25,0
0.005530933114824284,99.989998,2016-01-26,1
0.06570657197132865,93.41999799999999,2016-01-27,0
0.007171890541038192,94.089996,2016-01-28,1
0.03454139800367299,97.339996,2016-01-29,1
0.009348634039393145,96.43,2016-02-01,0
0.020221891527533033,94.480003,2016-02-02,0
0.019792495137833592,96.349998,2016-02-03,1
0.002594706851991839,96.599998,2016-02-04,1
0.026708085439090753,94.019997,2016-02-05,0
0.01052972805349054,95.010002,2016-02-08,1
0.00021054625385651641,94.989998,2016-02-09,0
0.007579755923355176,94.269997,2016-02-10,0
0.006046462481588998,93.699997,2016-02-11,0
0.0030949947629134262,93.989998,2016-02-12,1
0.0281945000147782,96.639999,2016-02-16,1
0.015314611085622981,98.120003,2016-02-17,1
0.018956389554941177,96.260002,2016-02-18,0
0.002285487174621047,96.040001,2016-02-19,0
0.00874631394474891,96.879997,2016-02-22,1
0.022605233978279293,94.690002,2016-02-23,0
0.014890653397599382,96.099998,2016-02-24,1
0.006867887759997671,96.760002,2016-02-25,1
0.001550248004335517,96.910004,2016-02-26,1
0.002270168103594277,96.690002,2016-02-29,0
0.0397145198114692,100.529999,2016-03-01,1
0.0021884114412454767,100.75,2016-03-02,1
0.007444168734491315,101.5,2016-03-03,1
0.014876866995073892,103.010002,2016-03-04,1
0.011066876787362873,101.870003,2016-03-07,0
0.008245842497913674,101.029999,2016-03-08,0
0.0008908641085900962,101.120003,2016-03-09,1
0.000494412564445786,101.16999799999999,2016-03-10,1
0.01077398459570996,102.260002,2016-03-11,1
0.0025424896823295928,102.519997,2016-03-14,1
0.020093689624278897,104.58000200000001,2016-03-15,1
0.013291250462970815,105.970001,2016-03-16,1
0.0016042087231837674,105.800003,2016-03-17,0
0.0011341682098060882,105.91999799999999,2016-03-18,1
9.435423138878687e-05,105.910004,2016-03-21,0
0.007647974406648079,106.720001,2016-03-22,1
0.005528523186576744,106.129997,2016-03-23,0
0.004334297682115363,105.66999799999999,2016-03-24,0
0.004542405688320214,105.190002,2016-03-28,0
0.023671432195618743,107.68,2016-03-29,1
0.017459119613670006,109.559998,2016-03-30,1
0.005202628791577682,108.989998,2016-03-31,0
0.009175153852191097,109.989998,2016-04-01,1
0.010273706887420773,111.120003,2016-04-04,1
0.011789101553570007,109.809998,2016-04-05,0
0.010472643847967316,110.959999,2016-04-06,1
0.021809643311189942,108.540001,2016-04-07,0
0.0011056108245290782,108.660004,2016-04-08,1
0.003313022149345797,109.019997,2016-04-11,1
0.013025179224688505,110.440002,2016-04-12,1
0.01448749521029524,112.040001,2016-04-13,1
0.0005354962465592591,112.099998,2016-04-14,1
0.020071365210907497,109.849998,2016-04-15,0
0.021574829705504436,107.480003,2016-04-18,0
0.005303302792055148,106.910004,2016-04-19,0
0.00205774007828119,107.129997,2016-04-20,1
0.010827928987993967,105.970001,2016-04-21,0
0.0027366329835175666,105.68,2016-04-22,0
0.005677498107494316,105.08000200000001,2016-04-25,0
0.006947125867013288,104.349998,2016-04-26,0
0.0625778449943047,97.82,2016-04-27,0
0.030566325904722816,94.83000200000001,2016-04-28,0
0.01149429481188883,93.739998,2016-04-29,0
0.0010667698115376196,93.639999,2016-05-02,0
0.01644597411838934,95.18,2016-05-03,1
0.010401323807522588,94.190002,2016-05-04,0
0.01008603864346459,93.239998,2016-05-05,0
0.005576973521599642,92.720001,2016-05-06,0
0.0007549611652830697,92.790001,2016-05-09,1
0.006789492329027875,93.41999799999999,2016-05-10,1
0.009740912218816282,92.510002,2016-05-11,0
0.02345698792655956,90.339996,2016-05-12,0
0.0019924840377456327,90.519997,2016-05-13,1
0.03711886998847337,93.879997,2016-05-16,1
0.004154228935478162,93.489998,2016-05-17,0
0.011445074584342093,94.559998,2016-05-18,1
0.003807117254803632,94.199997,2016-05-19,0
0.010828068285394957,95.220001,2016-05-20,1
0.012707403773289296,96.43,2016-05-23,1
0.015244239344602237,97.900002,2016-05-24,1
0.017568957761614715,99.620003,2016-05-25,1
0.007930144310475515,100.410004,2016-05-26,1
0.000597609776013965,100.349998,2016-05-27,0
0.004882880017596039,99.860001,2016-05-31,0
0.014019647366116095,98.459999,2016-06-01,0
0.007515722196990881,97.720001,2016-06-02,0
0.0020466332168784587,97.91999799999999,2016-06-03,1
0.007250806929142406,98.629997,2016-06-06,1
0.004055581589442821,99.029999,2016-06-07,1
0.0009087852257778652,98.940002,2016-06-08,0
0.007176066157750772,99.650002,2016-06-09,1
0.008228800637655714,98.83000200000001,2016-06-10,0
0.015076454212760292,97.339996,2016-06-13,0
0.0012328231449690728,97.459999,2016-06-14,1
0.0032833983509479945,97.139999,2016-06-15,0
0.004220753595025265,97.550003,2016-06-16,1
0.02275756977680458,95.33000200000001,2016-06-17,0
0.0024127136806312882,95.099998,2016-06-20,0
0.008517413428336784,95.910004,2016-06-21,1
0.0037535291938888553,95.550003,2016-06-22,0
0.005756096103942514,96.099998,2016-06-23,1
0.02809569257223084,93.400002,2016-06-24,0
0.014561038232097648,92.040001,2016-06-27,0
0.016840449621463992,93.589996,2016-06-28,1
0.008654835288164789,94.400002,2016-06-29,1
0.012711821764580035,95.599998,2016-06-30,1
0.0030334833270603597,95.889999,2016-07-01,1
0.009385765036873168,94.989998,2016-07-05,0
0.00568481957437249,95.529999,2016-07-06,1
0.004291876942236786,95.940002,2016-07-07,1
0.007713133047464392,96.68,2016-07-08,1
0.003103051303268407,96.980003,2016-07-11,1
0.004536966244474092,97.41999799999999,2016-07-12,1
0.005645606767513952,96.870003,2016-07-13,0
0.019820356565902107,98.790001,2016-07-14,1
0.00010124506426515843,98.779999,2016-07-15,0
0.010629712600017376,99.83000200000001,2016-07-18,1
0.0004006911669699207,99.870003,2016-07-19,1
0.0009011314438430457,99.959999,2016-07-20,1
0.005302110897379956,99.43,2016-07-21,0
0.007744101377853828,98.660004,2016-07-22,0
0.01337936292806152,97.339996,2016-07-25,0
0.006883069935610093,96.66999799999999,2016-07-26,0
0.06496326812792531,102.949997,2016-07-27,1
0.013501690534289216,104.339996,2016-07-28,1
0.0012458980734482972,104.209999,2016-07-29,0
0.017656693385056144,106.050003,2016-08-01,1
0.014804337157821743,104.480003,2016-08-02,0
0.01253826533676504,105.790001,2016-08-03,1
0.0007562340414383137,105.870003,2016-08-04,1
0.015207329313101082,107.480003,2016-08-05,1
0.008280610114981116,108.370003,2016-08-08,1
0.004060118001473121,108.809998,2016-08-09,1
0.007444150490656136,108.0,2016-08-10,0
0.000648148148148085,107.93,2016-08-11,0
0.002316316130825535,108.18,2016-08-12,1
0.012017036420780084,109.480003,2016-08-15,1
0.0009134636212970636,109.379997,2016-08-16,0
0.0014627537428073497,109.220001,2016-08-17,0
0.0012818073495530263,109.08000200000001,2016-08-18,0
0.002566914144354246,109.360001,2016-08-19,1
0.007772485298349593,108.510002,2016-08-22,0
0.0031333148441007245,108.849998,2016-08-23,1
0.007533293661613073,108.029999,2016-08-24,0
0.0042580672429702645,107.57,2016-08-25,0
0.0058566328902108986,106.940002,2016-08-26,0
0.001122143236915347,106.82,2016-08-29,0
0.007676465081445359,106.0,2016-08-30,0
0.0009433773584905601,106.099998,2016-08-31,1
0.00593784177074157,106.730003,2016-09-01,1
0.009369436633483464,107.730003,2016-09-02,1
0.0002785296497207022,107.699997,2016-09-06,0
0.006128171015640797,108.360001,2016-09-07,1
0.026208969857798296,105.519997,2016-09-08,0
0.022649735291406427,103.129997,2016-09-09,0
0.022398963126121333,105.440002,2016-09-12,1
0.02380495971538382,107.949997,2016-09-13,1
0.035386754109868176,111.769997,2016-09-14,1
0.033998417303348315,115.57,2016-09-15,1
0.005624314268408762,114.91999799999999,2016-09-16,0
0.011660250812047397,113.58000200000001,2016-09-19,0
8.806127684356157e-05,113.57,2016-09-20,0
0.000176076428634229,113.550003,2016-09-21,0
0.009423161353857411,114.620003,2016-09-22,1
0.01666379296814362,112.709999,2016-09-23,0
0.0015082778946702569,112.879997,2016-09-26,1
0.0018603738977774446,113.089996,2016-09-27,1
0.0076045718491315265,113.949997,2016-09-28,1
0.015533102646768736,112.18,2016-09-29,0
0.007755419860937751,113.050003,2016-09-30,1
0.004688244015349563,112.519997,2016-10-03,0
0.004265935058636701,113.0,2016-10-04,1
0.00044250442477879464,113.050003,2016-10-05,1
0.007430304977523966,113.889999,2016-10-06,1
0.0014926595969150024,114.059998,2016-10-07,1
0.017447001884043613,116.050003,2016-10-10,1
0.0021542438047157998,116.300003,2016-10-11,1
0.008942329949896867,117.339996,2016-10-12,1
0.0030679479484557242,116.980003,2016-10-13,0
0.005556453952219566,117.629997,2016-10-14,1
0.0006800476242467237,117.550003,2016-10-17,0
0.0006805784598747092,117.470001,2016-10-18,0
0.002979467072618816,117.120003,2016-10-19,0
0.000512337760100671,117.059998,2016-10-20,0
0.003929608814789095,116.599998,2016-10-21,0
0.009005180257378747,117.650002,2016-10-24,1
0.00509985541691703,118.25,2016-10-25,1
0.022494748414376327,115.589996,2016-10-26,0
0.009602846599285312,114.480003,2016-10-27,0
0.006638731482213537,113.720001,2016-10-28,0
0.0015828350194966373,113.540001,2016-10-31,0
0.018055337167030706,111.489998,2016-11-01,0
0.0008969235069857959,111.589996,2016-11-02,1
0.01577196937976404,109.83000200000001,2016-11-03,0
0.009013985085787471,108.839996,2016-11-04,0
0.014424917839945543,110.410004,2016-11-07,1
0.005887093347084676,111.059998,2016-11-08,1
0.0016207545762785814,110.879997,2016-11-09,0
0.02786793004693172,107.790001,2016-11-10,0
0.005937461676060315,108.43,2016-11-11,1
0.02508531771649922,105.709999,2016-11-14,0
0.013243799198219657,107.110001,2016-11-15,1
0.02688821746906718,109.989998,2016-11-16,1
0.00036367852284171993,109.949997,2016-11-17,0
0.0010004638745010326,110.059998,2016-11-18,1
0.015173587410023425,111.730003,2016-11-21,1
0.0006265103205985539,111.800003,2016-11-22,1
0.005098389845302664,111.230003,2016-11-23,0
0.005034594847579095,111.790001,2016-11-25,1
0.0019679845964042037,111.57,2016-11-28,0
0.0009859370798601498,111.459999,2016-11-29,0
0.008433536770442576,110.519997,2016-11-30,0
0.009319571371323903,109.489998,2016-12-01,0
0.0037446708145889335,109.900002,2016-12-02,1
0.007188362016590352,109.110001,2016-12-05,0
0.007698616004961812,109.949997,2016-12-06,1
0.009822665115670785,111.029999,2016-12-07,1
0.009817202646286553,112.120003,2016-12-08,1
0.016321744122678977,113.949997,2016-12-09,1
0.005704203748245754,113.300003,2016-12-12,0
0.016681367607730806,115.190002,2016-12-13,1
0.0,115.190002,2016-12-14,0
0.005469207301515511,115.82,2016-12-15,1
0.0012951217406320424,115.970001,2016-12-16,1
0.005777338917156746,116.639999,2016-12-19,1
0.0026577332189448417,116.949997,2016-12-20,1
0.0009405814691897504,117.059998,2016-12-21,1
0.006577797822959038,116.290001,2016-12-22,0
0.0019777796717019534,116.519997,2016-12-23,1
0.006350884131931418,117.260002,2016-12-27,1
0.004264028581544796,116.760002,2016-12-28,0
0.0002569287383191691,116.730003,2016-12-29,0
0.007795793511630452,115.82,2016-12-30,0
0.0028492661025730226,116.150002,2017-01-03,1
0.0011192853875284224,116.019997,2017-01-04,0
0.005085364723806995,116.610001,2017-01-05,1
0.011148297649015575,117.910004,2017-01-06,1
0.009159477256908575,118.989998,2017-01-09,1
0.0010085133373982993,119.110001,2017-01-10,1
0.005373176010635775,119.75,2017-01-11,1
0.0041753653444676405,119.25,2017-01-12,0
0.00176099790356391,119.040001,2017-01-13,0
0.008064507660748392,120.0,2017-01-17,1
8.335000000000055e-05,119.989998,2017-01-18,0
0.0017501375406306472,119.779999,2017-01-19,0
0.0018367089817724605,120.0,2017-01-20,1
0.0006666833333333954,120.08000200000001,2017-01-23,1
0.0009160642752155443,119.970001,2017-01-24,0
0.01592061335400011,121.879997,2017-01-25,1
0.0004923285319739863,121.940002,2017-01-26,1
8.196653957730227e-05,121.949997,2017-01-27,1
0.0026240263048140392,121.629997,2017-01-30,0
0.002302055470740525,121.349998,2017-01-31,0
0.060980652014514254,128.75,2017-02-01,1
0.0017087456310679327,128.529999,2017-02-02,0
0.00427917999127973,129.080002,2017-02-03,1
0.009373961738860011,130.28999299999998,2017-02-06,1
0.009517277355291764,131.529999,2017-02-07,1
0.0038773968210854895,132.03999299999998,2017-02-08,1
0.002877953802981581,132.419998,2017-02-09,1
0.0022655414932116506,132.119995,2017-02-10,0
0.008855571028442687,133.28999299999998,2017-02-13,1
0.012979301454386145,135.020004,2017-02-14,1
0.003629025222070082,135.509995,2017-02-15,1
0.0011806435385079597,135.350006,2017-02-16,0
0.0027336164285060227,135.720001,2017-02-17,1
0.007220719074412621,136.699997,2017-02-21,1
0.0029992977980827238,137.110001,2017-02-22,1
0.00423019470330255,136.529999,2017-02-23,0
0.000952208312841277,136.66000400000001,2017-02-24,1
0.0019756255824489887,136.929993,2017-02-27,1
0.00043826775044091617,136.990005,2017-02-28,1
0.020439359791248893,139.78999299999998,2017-03-01,1
0.005937377792128244,138.96000700000002,2017-03-02,0
0.005900920831127944,139.779999,2017-03-03,1
0.0031478251763331216,139.33999599999999,2017-03-06,0
0.0012918616704999408,139.520004,2017-03-07,1
0.0037270927830535335,139.0,2017-03-08,0
0.0023022086330935533,138.679993,2017-03-09,0
0.0033170321835824784,139.139999,2017-03-10,1
0.00043120598268803586,139.199997,2017-03-13,1
0.0015085632509029417,138.990005,2017-03-14,0
0.010576314462324267,140.46000700000002,2017-03-15,1
0.0016374411828127984,140.690002,2017-03-16,1
0.004975456607072877,139.990005,2017-03-17,0
0.010500763965256107,141.46000700000002,2017-03-20,1
0.011452077759334716,139.83999599999999,2017-03-21,0
0.01129864162753557,141.419998,2017-03-22,1
0.003535567862191598,140.919998,2017-03-23,0
0.0019869358783272456,140.639999,2017-03-24,0
0.0017065273158884365,140.880005,2017-03-27,1
0.020726844806684897,143.800003,2017-03-28,1
0.0022252572553839584,144.119995,2017-03-29,1
0.001318359745988006,143.929993,2017-03-30,0
0.001875835566809075,143.66000400000001,2017-03-31,0
0.0002783864602981724,143.699997,2017-04-03,1
0.007446117065680968,144.770004,2017-04-04,1
0.005180631203132384,144.020004,2017-04-05,0
0.00249965275657113,143.66000400000001,2017-04-06,0
0.0022275371786849582,143.33999599999999,2017-04-07,0
0.0011859774294956207,143.169998,2017-04-10,0
0.010756394646313967,141.630005,2017-04-11,0
0.0012002965049672386,141.800003,2017-04-12,1
0.005289139521386329,141.050003,2017-04-13,0
0.005529946709749475,141.830002,2017-04-17,1
0.004441972721681349,141.199997,2017-04-18,0
0.0036827479535994617,140.679993,2017-04-19,0
0.012510727093937208,142.440002,2017-04-20,1
0.0011934709183730042,142.270004,2017-04-21,0
0.0096295421486035,143.639999,2017-04-24,1
0.006196045712865919,144.529999,2017-04-25,1
0.0058811734994892485,143.679993,2017-04-26,0
0.0007655902377444104,143.78999299999998,2017-04-27,1
0.0009736352097881311,143.649994,2017-04-28,0
0.020396854315218524,146.580002,2017-05-01,1
0.0063446103650619135,147.509995,2017-05-02,1
0.0030506204003328467,147.059998,2017-05-03,0
0.0036039644172986022,146.529999,2017-05-04,0
0.016583689460067594,148.96000700000002,2017-05-05,1
0.027188425145549196,153.009995,2017-05-08,1
0.00640487570762938,153.990005,2017-05-09,1
0.004740632354677779,153.259995,2017-05-10,0
0.004502166400305524,153.949997,2017-05-11,1
0.013965631970749641,156.100006,2017-05-12,1
0.0025625175184170804,155.699997,2017-05-15,0
0.0014771740811273097,155.470001,2017-05-16,0
0.03357561565848319,150.25,2017-05-17,0
0.015241217970049792,152.53999299999998,2017-05-18,1
0.0034089748515985976,153.059998,2017-05-19,1
0.006076094421482934,153.990005,2017-05-22,1
0.001233859301452667,153.800003,2017-05-23,0
0.0029909427244940866,153.33999599999999,2017-05-24,0
0.0034563650308169027,153.869995,2017-05-25,1
0.0016896991515465874,153.610001,2017-05-26,0
0.0003905800378191614,153.669998,2017-05-30,1
0.00592180003802687,152.759995,2017-05-31,0
0.0027493978380923128,153.179993,2017-06-01,1
0.014819193783355247,155.449997,2017-06-02,1
0.009778089606524728,153.929993,2017-06-05,0
0.0033781850428590623,154.449997,2017-06-06,1
0.005956607431983263,155.369995,2017-06-07,1
0.002445710318778039,154.990005,2017-06-08,0
0.0387767520879814,148.979996,2017-06-09,0
0.02389581215990909,145.419998,2017-06-12,0
0.008045647201838035,146.58999599999999,2017-06-13,1
0.009755044948633263,145.16000400000001,2017-06-14,0
0.005993462221177905,144.28999299999998,2017-06-15,0
0.01399950861457164,142.270004,2017-06-16,0
0.028607520106627572,146.33999599999999,2017-06-19,1
0.009088431299396658,145.009995,2017-06-20,0
0.005930625678595363,145.869995,2017-06-21,1
0.0016452321123338457,145.630005,2017-06-22,0
0.004463324711140347,146.279999,2017-06-23,1
0.0031445994199111233,145.820007,2017-06-26,0
0.014332813740709834,143.729996,2017-06-27,0
0.014610770600731163,145.830002,2017-06-28,1
0.01474325564365014,143.679993,2017-06-29,0
0.002366446384779571,144.020004,2017-06-30,1
0.003610637311189077,143.5,2017-07-03,0
0.004111470383275157,144.08999599999999,2017-07-05,1
0.009438545615616405,142.729996,2017-07-06,0
0.010159020812976104,144.179993,2017-07-07,1
0.006103516734114499,145.059998,2017-07-10,1
0.0032400455430862223,145.529999,2017-07-11,1
0.0014430426815298253,145.740005,2017-07-12,1
0.013928907165880801,147.770004,2017-07-13,1
0.008594362628561485,149.03999299999998,2017-07-14,1
0.0034890299545305673,149.559998,2017-07-17,1
0.003476892263665316,150.080002,2017-07-18,1
0.00626333946877208,151.020004,2017-07-19,1
0.004502767726055782,150.33999599999999,2017-07-20,0
0.0004655580807650478,150.270004,2017-07-21,0
0.012111479014800485,152.08999599999999,2017-07-24,1
0.004273844546619696,152.740005,2017-07-25,1
0.004713905829713848,153.46000700000002,2017-07-26,1
0.01889749034091997,150.559998,2017-07-27,0
0.007040369381513988,149.5,2017-07-28,0
0.005150528428093646,148.729996,2017-07-31,0
0.008875190180197437,150.050003,2017-08-01,1
0.047250888758729216,157.139999,2017-08-02,1
0.009991039900668353,155.570007,2017-08-03,0
0.005270887466116685,156.389999,2017-08-04,1
0.01547412887955846,158.809998,2017-08-07,1
0.007997002808349637,160.080002,2017-08-08,1
0.006121913966492828,161.059998,2017-08-09,1
0.03563883690101625,155.320007,2017-08-10,0
0.013906701665291555,157.479996,2017-08-11,1
0.0150495939814477,159.850006,2017-08-14,1
0.010947763117381428,161.600006,2017-08-15,1
0.004022332771448111,160.949997,2017-08-16,0
0.019198484359089395,157.860001,2017-08-17,0
0.0022805080306569307,157.5,2017-08-18,0
0.001841225396825278,157.21000700000002,2017-08-21,0
0.01634750897250443,159.779999,2017-08-22,1
0.0012517023485523755,159.979996,2017-08-23,1
0.004438004861557814,159.270004,2017-08-24,0
0.00370438240210009,159.860001,2017-08-25,1
0.010071312335347634,161.470001,2017-08-28,1
0.008918083799355514,162.91000400000001,2017-08-29,1
0.002700889995681251,163.350006,2017-08-30,1
0.0039791489202638435,164.0,2017-08-31,1
0.0003048963414634378,164.050003,2017-09-01,1
0.012008539859642649,162.080002,2017-09-05,0
0.0010488524056162865,161.91000400000001,2017-09-06,0
0.004014631486266971,161.259995,2017-09-07,0
0.016309004598443602,158.630005,2017-09-08,0
0.018092384224535508,161.5,2017-09-11,1
0.003962842105263089,160.860001,2017-09-12,0
0.0075221123491104455,159.649994,2017-09-13,0
0.008581240535467785,158.279999,2017-09-14,0
0.010108706154338601,159.880005,2017-09-15,1
0.00756821967825194,158.669998,2017-09-18,0
0.00037813071630597315,158.729996,2017-09-19,1
0.01675794788024814,156.070007,2017-09-20,0
0.017171832381605613,153.389999,2017-09-21,0
0.009778994783095345,151.889999,2017-09-22,0
0.008822147664903107,150.550003,2017-09-25,0
0.017203559936162773,153.139999,2017-09-26,1
0.007117650562345969,154.229996,2017-09-27,1
0.006159612427144173,153.279999,2017-09-28,0
0.0054801409543327635,154.119995,2017-09-29,1
0.0020114002728846537,153.809998,2017-10-02,0
0.00435601071914709,154.479996,2017-10-03,1
0.006473330048506734,153.479996,2017-10-04,0
0.012444638062148431,155.389999,2017-10-05,1
0.0005791621119708296,155.300003,2017-10-06,0
0.0034770958761667333,155.83999599999999,2017-10-09,1
0.00038499744314679865,155.899994,2017-10-10,1
0.0041693972098550015,156.550003,2017-10-11,1
0.0035132736471426562,156.0,2017-10-12,0
0.006346185897435875,156.990005,2017-10-13,1
0.018408815261837942,159.880005,2017-10-16,1
0.00369024256660478,160.470001,2017-10-17,1
0.004424540384965741,159.759995,2017-10-18,0
0.02366048521721601,155.979996,2017-10-19,0
0.0017310168414159989,156.25,2017-10-20,1
0.0005120128000000477,156.169998,2017-10-23,0
0.005955100287572617,157.100006,2017-10-24,1
0.004392119501255733,156.41000400000001,2017-10-25,0
0.006393452940516515,157.41000400000001,2017-10-26,1
0.035829990830824124,163.050003,2017-10-27,1
0.02250842031569906,166.720001,2017-10-30,1
0.013915498956840727,169.03999299999998,2017-10-31,1
0.012718848136724619,166.889999,2017-11-01,0
0.007310216353947143,168.110001,2017-11-02,1
0.026113847920326814,172.5,2017-11-03,1
0.010144927536231883,174.25,2017-11-06,1
0.003213761836441936,174.809998,2017-11-07,1
0.00818035018797946,176.240005,2017-11-08,1
0.002042669029656378,175.880005,2017-11-09,0
0.006879730302486736,174.669998,2017-11-10,0
0.004007539978331002,173.970001,2017-11-13,0
0.015117577656391525,171.33999599999999,2017-11-14,0
0.013190113533094619,169.080002,2017-11-15,0
0.011947030849928663,171.100006,2017-11-16,1
0.005552378531184944,170.149994,2017-11-17,0
0.0009991067058162373,169.979996,2017-11-20,0
0.01859044048924433,173.139999,2017-11-21,1
0.010511770882013405,174.96000700000002,2017-11-22,1
5.7121625515124897e-05,174.970001,2017-11-24,1
0.005029462164774242,174.08999599999999,2017-11-27,0
0.005858975377309913,173.070007,2017-11-28,0
0.02074311466342059,169.479996,2017-11-29,0
0.013984010242719192,171.850006,2017-11-30,1
0.004655239872380358,171.050003,2017-12-01,0
0.007307804607287847,169.800003,2017-12-04,0
0.0009423085817025275,169.639999,2017-12-05,0
0.0037137703590766078,169.009995,2017-12-06,0
0.001834282049413707,169.320007,2017-12-07,1
0.00029522795850099874,169.369995,2017-12-08,1
0.019483988294384753,172.669998,2017-12-11,1
0.005617658025339158,171.699997,2017-12-12,0
0.0033197845658669636,172.270004,2017-12-13,1
0.0002902594696637018,172.220001,2017-12-14,0
0.010161421378693407,173.970001,2017-12-15,1
0.01408287052892525,176.419998,2017-12-18,1
0.01065641662687249,174.53999299999998,2017-12-19,0
0.001088501246817248,174.350006,2017-12-20,0
0.003785425737237978,175.009995,2017-12-21,1
0.0,175.009995,2017-12-22,0
0.025369911015653702,170.570007,2017-12-26,0
0.00017587500011067984,170.600006,2017-12-27,1
0.002813575516521376,171.080002,2017-12-28,1
0.010813689375570661,169.229996,2017-12-29,0
0.017904621353297224,172.259995,2018-01-02,1
0.00017414954644578772,172.229996,2018-01-03,0
0.004644969044765023,173.029999,2018-01-04,1
0.011385314751114322,175.0,2018-01-05,1
0.0037142514285713854,174.350006,2018-01-08,0
0.00011473472504497724,174.330002,2018-01-09,0
0.00022950151747274208,174.28999299999998,2018-01-10,0
0.005680222845611237,175.279999,2018-01-11,1
0.010326317950286965,177.08999599999999,2018-01-12,1
0.0050821278464538025,176.190002,2018-01-16,0
0.01651628337004057,179.100006,2018-01-17,1
0.000893294219096765,179.259995,2018-01-18,1
0.004462724658672364,178.46000700000002,2018-01-19,0
0.008181143913101038,177.0,2018-01-22,0
0.0002259491525422672,177.03999299999998,2018-01-23,1
0.01592855914764968,174.220001,2018-01-24,0
0.01785099289489721,171.110001,2018-01-25,0
0.0023376424385620357,171.509995,2018-01-26,1
0.020698432181751183,167.96000700000002,2018-01-29,0
0.005894296015360503,166.970001,2018-01-30,0
0.0027549379963170734,167.429993,2018-01-31,1
0.0020904617728796514,167.779999,2018-02-01,1
0.043390148071225126,160.5,2018-02-02,0
0.02498439252336451,156.490005,2018-02-05,0
0.04179176810685135,163.029999,2018-02-06,1
0.021407139921530774,159.53999299999998,2018-02-07,0
0.027516605193783537,155.149994,2018-02-08,0
0.008121237826151786,156.41000400000001,2018-02-09,1
0.04027877270561289,162.71000700000002,2018-02-12,1
0.010017755084971302,164.33999599999999,2018-02-13,1
0.01843738027108145,167.369995,2018-02-14,1
0.03357836032677188,172.990005,2018-02-15,1
0.0032372506145658553,172.429993,2018-02-16,0
0.003363608557358049,171.850006,2018-02-20,0
0.004538836035885874,171.070007,2018-02-21,0
0.008359109963677011,172.5,2018-02-22,1
0.017391304347826087,175.5,2018-02-23,1
0.019772085470085448,178.970001,2018-02-26,1
0.003240777765878246,178.389999,2018-02-27,0
0.0015135601856245324,178.119995,2018-02-28,0
0.017516253579504024,175.0,2018-03-01,0
0.006914325714285821,176.21000700000002,2018-03-02,1
0.0034617784221527507,176.820007,2018-03-05,1
0.0008483711913890569,176.669998,2018-03-06,0
0.00928283816474594,175.029999,2018-03-07,0
0.010912432216833808,176.940002,2018-03-08,1
0.017180931194970866,179.979996,2018-03-09,1
0.009667768855823268,181.720001,2018-03-12,1
0.009630200255171691,179.970001,2018-03-13,0
0.008501411299097586,178.440002,2018-03-14,0
0.0011768213273165046,178.649994,2018-03-15,1
0.0035263925057842003,178.020004,2018-03-16,0
0.015279187388401566,175.300003,2018-03-19,0
0.0003422589787406183,175.240005,2018-03-20,0
0.02265465011827634,171.270004,2018-03-21,0
0.014129724665622082,168.850006,2018-03-22,0
0.023156670779153034,164.940002,2018-03-23,0
0.0474718194801526,172.770004,2018-03-26,1
0.02564107135171459,168.33999599999999,2018-03-27,0
0.011049067626210383,166.479996,2018-03-28,0
0.007808764003093824,167.779999,2018-03-29,1
0.006556240353774275,166.679993,2018-04-02,0
0.010259215693631526,168.389999,2018-04-03,1
0.019122287660326087,171.610001,2018-04-04,1
0.006934339450298078,172.800003,2018-04-05,1
0.02557869168555508,168.380005,2018-04-06,0
0.009918030350456353,170.050003,2018-04-09,1
0.018817976733584627,173.25,2018-04-10,1
0.004675313131313173,172.440002,2018-04-11,0
0.00985848399607416,174.139999,2018-04-12,1
0.0033880613494204227,174.729996,2018-04-13,1
0.006238259171024099,175.820007,2018-04-16,1
0.013764064973561243,178.240005,2018-04-17,1
0.0022442156013180734,177.83999599999999,2018-04-18,0
0.028340042247864097,172.800003,2018-04-19,0
0.040972233084972845,165.720001,2018-04-20,0
0.0028964276919114904,165.240005,2018-04-23,0
0.013919165640306074,162.940002,2018-04-24,0
0.004357383032313942,163.649994,2018-04-25,1
0.0034830859816591497,164.220001,2018-04-26,1
0.011569808722629301,162.320007,2018-04-27,0
0.018112295916793544,165.259995,2018-04-30,1
0.02323618005676452,169.100006,2018-05-01,1
0.04417504869869724,176.570007,2018-05-02,1
0.0018122670176933557,176.889999,2018-05-03,1
0.039233439082104464,183.830002,2018-05-04,1
0.007234956130827913,185.16000400000001,2018-05-07,1
0.004806648200331584,186.050003,2018-05-08,1
0.007041107115703767,187.360001,2018-05-09,1
0.014303970888642182,190.03999299999998,2018-05-10,1
0.007629957132233721,188.58999599999999,2018-05-11,0
0.0023331142124844878,188.149994,2018-05-14,0
0.009088450994051053,186.440002,2018-05-15,0
0.009332712837023052,188.179993,2018-05-16,1
0.006323669062948682,186.990005,2018-05-17,0
0.0036365954426280118,186.309998,2018-05-18,0
0.007085003564865069,187.630005,2018-05-21,1
0.002504935178144862,187.16000400000001,2018-05-22,0
0.0064116102498052744,188.360001,2018-05-23,1
0.0011149235447286852,188.149994,2018-05-24,0
0.0022854531688160195,188.580002,2018-05-25,1
0.0036059390857362227,187.899994,2018-05-29,0
0.002128760046687348,187.5,2018-05-30,0
0.0033600266666667265,186.869995,2018-05-31,0
0.018033981324824287,190.240005,2018-06-01,1
0.008357847761831225,191.830002,2018-06-04,1
0.0077151435363066925,193.309998,2018-06-05,1
0.0034659252337273963,193.979996,2018-06-06,1
0.002680632079196358,193.46000700000002,2018-06-07,0
0.009097539213880118,191.699997,2018-06-08,0
0.0024517527770227163,191.229996,2018-06-11,0
0.005490786079397313,192.279999,2018-06-12,1
0.008217193718624928,190.699997,2018-06-13,0
0.0005244153202582777,190.800003,2018-06-14,1
0.010272573213743705,188.83999599999999,2018-06-15,0
0.0005295011762232225,188.740005,2018-06-18,0
0.01615981201229704,185.690002,2018-06-19,0
0.004362098073540908,186.5,2018-06-20,1
0.005576369973190248,185.46000700000002,2018-06-21,0
0.002911727486347103,184.919998,2018-06-22,0
0.014871295856276183,182.169998,2018-06-25,0
0.012405967090146224,184.429993,2018-06-26,1
0.0014639104822824624,184.16000400000001,2018-06-27,0
0.00727625961606726,185.5,2018-06-28,1
0.002102420485175142,185.110001,2018-06-29,0
0.011182496833328767,187.179993,2018-07-02,1
0.017416364579092614,183.919998,2018-07-03,0
0.008046955285417086,185.399994,2018-07-05,1
0.013861958377409679,187.970001,2018-07-06,1
0.013885199692050921,190.580002,2018-07-09,1
0.0012068212697363696,190.350006,2018-07-10,0
0.012976101508502166,187.880005,2018-07-11,0
0.01676598848291489,191.029999,2018-07-12,1
0.001570449675812456,191.330002,2018-07-13,1
0.002195149718338437,190.91000400000001,2018-07-16,0
0.0028285212334916783,191.449997,2018-07-17,1
0.0054844764505272035,190.399994,2018-07-18,0
0.007773167261759572,191.880005,2018-07-19,1
0.002293115429093399,191.440002,2018-07-20,0
0.0008880014533222709,191.610001,2018-07-23,1
0.007254313411333831,193.0,2018-07-24,1
0.009430088082901574,194.820007,2018-07-25,1
0.0031310952575829914,194.21000700000002,2018-07-26,0
0.016631537426390283,190.979996,2018-07-27,0
0.005602639137137614,189.91000400000001,2018-07-30,0
0.002000889853069385,190.28999299999998,2018-07-31,1
0.05891012356072776,201.5,2018-08-01,1
