,prices
0,1267
1,1260
2,1256
3,1252
4,1249
5,1284
6,1289
7,1266
8,1296
9,1299
10,1302
11,1305
12,1289
13,1285
14,1292
15,1298
16,1291
17,1285
18,1278
19,1266
20,1274
21,1277
22,1292
23,1283
24,1275
25,1266
26,1271
27,1281
28,1300
29,1282
30,1281
31,1280
32,1278
33,1277
34,1274
35,1236
36,1242
37,1250
38,1259
39,1267
40,1224
41,1232
42,1249
43,1251
44,1232
45,1212
46,1192
47,1213
48,1156
49,1206
50,1255
51,1239
52,1223
53,1207
54,1188
55,1185
56,1209
57,1213
58,1177
59,1142
60,1106
61,1166
62,1161
63,1114
64,1099
65,1085
66,1071
67,1056
68,996
69,984
70,909
71,899
72,933
73,968
74,1003
75,998
76,907
77,946
78,940
79,955
80,970
81,985
82,955
83,896
84,908
85,876
86,867
87,858
88,848
89,940
90,930
91,954
92,968
93,967
94,967
95,966
96,1005
97,952
98,904
99,930
100,927
101,923
102,919
103,898
104,852
105,911
106,873
107,865
108,858
109,850
110,859
111,806
112,752
113,800
114,817
115,834
116,851
117,857
118,887
119,891
120,896
121,869
122,842
123,816
124,848
125,870
126,845
127,876
128,887
129,898
130,909
131,888
132,899
133,873
134,879
135,876
136,872
137,868
138,913
139,904
140,885
141,887
142,882
143,877
144,871
145,863
146,868
147,870
148,872
149,871
150,870
151,869
152,890
153,903
154,917
155,931
156,930
157,928
158,927
159,934
160,906
161,909
162,890
163,883
164,876
165,870
166,871
167,842
168,843
169,850
170,838
171,827
172,816
173,805
174,840
175,827
176,831
177,833
178,835
179,836
180,845
181,874
182,845
183,825
184,825
185,825
186,825
187,838
188,832
189,845
190,868
191,869
192,869
193,869
194,827
195,833
196,835
197,826
198,817
199,808
200,798
201,789
202,788
203,778
204,770
205,761
206,752
207,743
208,773
209,764
210,752
211,735
212,723
213,712
214,700
215,696
216,712
217,682
218,683
219,681
220,678
221,676
222,719
223,721
224,750
225,756
226,755
227,754
228,753
229,778
230,794
231,784
232,768
233,786
234,804
235,822
236,806
237,813
238,832
239,815
240,806
241,797
242,787
243,797
244,811
245,834
246,842
247,840
248,837
249,835
250,815
251,825
252,856
253,857
254,857
255,858
256,858
257,841
258,852
259,865
260,869
261,857
262,844
263,832
264,850
265,843
266,851
267,866
268,863
269,860
270,857
271,855
272,873
273,872
274,877
275,887
276,897
277,907
278,903
279,919
280,907
281,929
282,922
283,915
284,909
285,908
286,883
287,893
288,882
289,891
290,900
291,909
292,908
293,903
294,888
295,887
296,892
297,898
298,904
299,910
300,893
301,906
302,919
303,927
304,934
305,942
306,944
307,931
308,942
309,940
310,939
311,939
312,939
313,942
314,939
315,944
316,946
317,938
318,931
319,923
320,911
321,910
322,918
323,921
324,911
325,902
326,893
327,895
328,900
329,920
330,918
331,921
332,924
333,927
334,919
335,923
336,896
337,896
338,897
339,898
340,898
341,881
342,879
343,882
344,879
345,886
346,893
347,901
348,905
349,932
350,940
351,940
352,943
353,947
354,951
355,954
356,954
357,976
358,979
359,980
360,981
361,982
362,979
363,975
364,986
365,987
366,992
367,997
368,1002
369,1005
370,1002
371,997
372,1010
373,1009
374,1008
375,1007
376,994
377,1005
378,1012
379,1004
380,995
381,987
382,979
383,989
384,996
385,1007
386,1026
387,1025
388,1025
389,1025
390,1028
391,1028
392,1030
393,1028
394,1026
395,1023
396,1020
397,998
398,994
399,1003
400,1016
401,1018
402,1020
403,1023
404,1025
405,1033
406,1044
407,1042
408,1044
409,1047
410,1049
411,1052
412,1068
413,1065
414,1068
415,1067
416,1065
417,1064
418,1071
419,1060
420,1050
421,1044
422,1050
423,1056
424,1062
425,1060
426,1057
427,1029
428,1025
429,1030
430,1035
431,1040
432,1054
433,1057
434,1065
435,1071
436,1073
437,1074
438,1076
439,1073
440,1092
441,1096
442,1087
443,1091
444,1094
445,1097
446,1091
447,1081
448,1092
449,1079
450,1075
451,1071
452,1066
453,1063
454,1042
455,1066
456,1036
457,1038
458,1040
459,1042
460,1045
461,1046
462,1066
463,1069
464,1077
465,1085
466,1093
467,1093
468,1098
469,1087
470,1093
471,1098
472,1104
473,1109
474,1110
475,1109
476,1094
477,1091
478,1096
479,1101
480,1106
481,1105
482,1110
483,1101
484,1091
485,1092
486,1094
487,1095
488,1108
489,1109
490,1099
491,1105
492,1105
493,1104
494,1103
495,1091
496,1095
497,1102
498,1106
499,1108
500,1111
501,1114
502,1107
503,1109
504,1096
505,1102
506,1106
507,1110
508,1114
509,1118
510,1120
511,1126
512,1126
513,1127
514,1127
515,1127
516,1126
517,1126
518,1115
519,1119
520,1124
521,1128
522,1132
523,1136
524,1137
525,1141
526,1144
527,1145
528,1146
529,1146
530,1136
531,1145
532,1148
533,1136
534,1139
535,1143
536,1146
537,1150
538,1138
539,1116
540,1091
541,1093
542,1095
543,1096
544,1092
545,1097
546,1084
547,1073
548,1078
549,1084
550,1089
551,1103
552,1097
553,1063
554,1066
555,1063
556,1059
557,1056
558,1070
559,1068
560,1078
561,1075
562,1080
563,1085
564,1090
565,1094
566,1099
567,1106
568,1109
569,1108
570,1108
571,1108
572,1094
573,1105
574,1102
575,1104
576,1108
577,1111
578,1115
579,1118
580,1118
581,1122
582,1138
583,1138
584,1138
585,1138
586,1140
587,1145
588,1150
589,1149
590,1150
591,1150
592,1150
593,1159
594,1166
595,1165
596,1159
597,1161
598,1163
599,1165
600,1174
601,1167
602,1165
603,1166
604,1168
605,1171
606,1173
607,1173
608,1169
609,1178
610,1180
611,1182
612,1185
613,1187
614,1189
615,1182
616,1186
617,1194
618,1195
619,1195
620,1196
621,1197
622,1210
623,1211
624,1192
625,1193
626,1195
627,1197
628,1207
629,1205
630,1208
631,1217
632,1215
633,1213
634,1212
635,1183
636,1191
637,1206
638,1186
639,1191
640,1197
641,1202
642,1173
643,1165
644,1128
645,1110
646,1127
647,1143
648,1159
649,1155
650,1171
651,1157
652,1135
653,1136
654,1136
655,1136
656,1120
657,1115
658,1071
659,1087
660,1083
661,1078
662,1073
663,1074
664,1067
665,1103
666,1089
667,1084
668,1080
669,1075
670,1070
671,1098
672,1102
673,1064
674,1060
675,1055
676,1050
677,1062
678,1055
679,1086
680,1091
681,1090
682,1090
683,1089
684,1115
685,1114
686,1116
687,1117
688,1116
689,1114
690,1113
691,1095
692,1092
693,1073
694,1076
695,1076
696,1075
697,1074
698,1041
699,1030
700,1027
701,1022
702,1023
703,1025
704,1026
705,1028
706,1060
707,1070
708,1077
709,1078
710,1078
711,1078
712,1095
713,1095
714,1096
715,1064
716,1067
717,1069
718,1071
719,1083
720,1069
721,1093
722,1102
723,1106
724,1110
725,1115
726,1113
727,1106
728,1101
729,1101
730,1109
731,1117
732,1125
733,1120
734,1127
735,1125
736,1121
737,1123
738,1125
739,1127
740,1121
741,1089
742,1083
743,1079
744,1079
745,1079
746,1079
747,1092
748,1094
749,1075
750,1071
751,1070
752,1068
753,1067
754,1051
755,1055
756,1047
757,1064
758,1059
759,1054
760,1048
761,1049
762,1080
763,1090
764,1104
765,1101
766,1098
767,1095
768,1091
769,1098
770,1104
771,1109
772,1113
773,1117
774,1121
775,1121
776,1125
777,1124
778,1125
779,1131
780,1137
781,1142
782,1139
783,1134
784,1124
785,1148
786,1146
787,1144
788,1142
789,1147
790,1144
791,1141
792,1146
793,1143
794,1140
795,1137
796,1160
797,1159
798,1158
799,1165
800,1165
801,1165
802,1165
803,1169
804,1178
805,1173
806,1176
807,1179
808,1181
809,1184
810,1165
811,1178
812,1180
813,1183
814,1183
815,1184
816,1185
817,1185
818,1182
819,1183
820,1183
821,1183
822,1184
823,1184
824,1193
825,1197
826,1221
827,1225
828,1224
829,1224
830,1223
831,1213
832,1218
833,1213
834,1199
835,1198
836,1198
837,1197
838,1178
839,1178
840,1196
841,1199
842,1199
843,1198
844,1197
845,1180
846,1198
847,1193
848,1189
849,1188
850,1188
851,1187
852,1180
853,1206
854,1221
855,1224
856,1224
857,1223
858,1223
859,1223
860,1228
861,1233
862,1240
863,1240
864,1240
865,1240
866,1241
867,1235
868,1242
869,1243
870,1244
871,1246
872,1247
873,1254
874,1258
875,1256
876,1256
877,1257
878,1257
879,1257
880,1258
881,1259
882,1257
883,1257
884,1262
885,1267
886,1271
887,1270
888,1276
889,1273
890,1271
891,1270
892,1270
893,1269
894,1274
895,1285
896,1283
897,1293
898,1293
899,1294
900,1294
901,1295
902,1281
903,1280
904,1283
905,1285
906,1288
907,1290
908,1291
909,1296
910,1299
911,1276
912,1279
913,1282
914,1286
915,1307
916,1304
917,1307
918,1310
919,1313
920,1316
921,1319
922,1324
923,1320
924,1321
925,1329
926,1330
927,1331
928,1332
929,1328
930,1336
931,1340
932,1343
933,1336
934,1329
935,1322
936,1315
937,1307
938,1306
939,1319
940,1322
941,1324
942,1327
943,1306
944,1308
945,1330
946,1321
947,1317
948,1313
949,1310
950,1321
951,1320
952,1295
953,1304
954,1301
955,1299
956,1296
957,1281
958,1256
959,1273
960,1279
961,1285
962,1291
963,1298
964,1293
965,1297
966,1309
967,1313
968,1312
969,1311
970,1310
971,1319
972,1328
973,1325
974,1332
975,1332
976,1332
977,1332
978,1332
979,1335
980,1333
981,1328
982,1326
983,1325
984,1324
985,1314
986,1314
987,1314
988,1319
989,1314
990,1309
991,1305
992,1312
993,1330
994,1337
995,1336
996,1336
997,1335
998,1335
999,1347
1000,1355
1001,1360
1002,1363
1003,1362
1004,1362
1005,1361
1006,1356
1007,1347
1008,1335
1009,1340
1010,1342
1011,1344
1012,1346
1013,1357
1014,1342
1015,1348
1016,1337
1017,1335
1018,1332
1019,1329
1020,1328
1021,1340
1022,1343
1023,1333
1024,1327
1025,1322
1026,1317
1027,1316
1028,1320
1029,1325
1030,1331
1031,1334
1032,1338
1033,1341
1034,1345
1035,1314
1036,1312
1037,1300
1038,1295
1039,1290
1040,1286
1041,1284
1042,1279
1043,1289
1044,1270
1045,1271
1046,1271
1047,1271
1048,1287
1049,1265
1050,1267
1051,1271
1052,1273
1053,1276
1054,1278
1055,1295
1056,1287
1057,1283
1058,1268
1059,1272
1060,1276
1061,1280
1062,1296
1063,1307
1064,1320
1065,1339
1066,1339
1067,1338
1068,1338
1069,1337
1070,1339
1071,1353
1072,1343
1073,1335
1074,1327
1075,1319
1076,1313
1077,1317
1078,1308
1079,1316
1080,1312
1081,1309
1082,1305
1083,1326
1084,1325
1085,1343
1086,1345
1087,1342
1088,1339
1089,1337
1090,1331
1091,1304
1092,1300
1093,1292
1094,1290
1095,1288
1096,1286
1097,1254
1098,1260
1099,1200
1100,1199
1101,1172
1102,1146
1103,1119
1104,1172
1105,1120
1106,1172
1107,1178
1108,1187
1109,1195
1110,1204
1111,1192
1112,1193
1113,1140
1114,1123
1115,1123
1116,1123
1117,1123
1118,1162
1119,1177
1120,1159
1121,1176
1122,1187
1123,1198
1124,1210
1125,1212
1126,1218
1127,1204
1128,1173
1129,1171
1130,1169
1131,1167
1132,1165
1133,1198
1134,1185
1135,1154
1136,1156
1137,1159
1138,1162
1139,1172
1140,1188
1141,1209
1142,1216
1143,1212
1144,1208
1145,1204
1146,1202
1147,1166
1148,1129
1149,1136
1150,1145
1151,1154
1152,1162
1153,1175
1154,1151
1155,1160
1156,1131
1157,1120
1158,1109
1159,1099
1160,1123
1161,1144
1162,1164
1163,1155
1164,1168
1165,1181
1166,1194
1167,1195
1168,1207
1169,1203
1170,1224
1171,1216
1172,1208
1173,1200
1174,1225
1175,1209
1176,1215
1177,1238
1178,1243
1179,1248
1180,1254
1181,1229
1182,1242
1183,1284
1184,1285
1185,1274
1186,1263
1187,1253
1188,1218
1189,1237
1190,1261
1191,1253
1192,1255
1193,1258
1194,1261
1195,1275
1196,1229
1197,1239
1198,1263
1199,1259
1200,1255
1201,1251
1202,1257
1203,1236
1204,1216
1205,1215
1206,1208
1207,1200
1208,1192
1209,1188
1210,1161
1211,1160
1212,1158
1213,1169
1214,1181
1215,1192
1216,1195
1217,1246
1218,1244
1219,1244
1220,1248
1221,1252
1222,1257
1223,1258
1224,1261
1225,1234
1226,1255
1227,1248
1228,1242
1229,1236
1230,1225
1231,1211
1232,1215
1233,1219
1234,1214
1235,1210
1236,1205
1237,1241
1238,1243
1239,1254
1240,1265
1241,1265
1242,1265
1243,1265
1244,1265
1245,1249
1246,1263
1247,1257
1248,1262
1249,1267
1250,1272
1251,1277
1252,1277
1253,1281
1254,1277
1255,1278
1256,1279
1257,1280
1258,1292
1259,1292
1260,1295
1261,1289
1262,1290
1263,1291
1264,1292
1265,1293
1266,1308
1267,1314
1268,1315
1269,1315
1270,1315
1271,1316
1272,1314
1273,1326
1274,1318
1275,1316
1276,1315
1277,1314
1278,1313
1279,1312
1280,1324
1281,1325
1282,1344
1283,1344
1284,1344
1285,1344
1286,1347
1287,1349
1288,1351
1289,1342
1290,1345
1291,1348
1292,1351
1293,1350
1294,1343
1295,1358
1296,1361
1297,1361
1298,1361
1299,1361
1300,1362
1301,1357
1302,1363
1303,1365
1304,1366
1305,1366
1306,1367
1307,1372
1308,1365
1309,1374
1310,1369
1311,1367
1312,1366
1313,1364
1314,1343
1315,1352
1316,1365
1317,1370
1318,1370
1319,1371
1320,1371
1321,1395
1322,1394
1323,1402
1324,1404
1325,1406
1326,1407
1327,1409
1328,1405
1329,1402
1330,1392
1331,1397
1332,1403
1333,1410
1334,1416
1335,1412
1336,1405
1337,1403
1338,1408
1339,1411
1340,1415
1341,1419
1342,1413
1343,1398
1344,1398
1345,1394
1346,1390
1347,1386
1348,1382
1349,1358
1350,1368
1351,1387
1352,1370
1353,1370
1354,1369
1355,1369
1356,1390
1357,1385
1358,1376
1359,1378
1360,1374
1361,1370
1362,1366
1363,1371
1364,1390
1365,1399
1366,1403
1367,1401
1368,1399
1369,1397
1370,1405
1371,1402
1372,1391
1373,1369
1374,1369
1375,1369
1376,1369
1377,1363
1378,1354
1379,1357
1380,1353
1381,1348
1382,1343
1383,1338
1384,1330
1385,1324
1386,1304
1387,1295
1388,1302
1389,1309
1390,1315
1391,1316
1392,1318
1393,1320
1394,1317
1395,1321
1396,1325
1397,1328
1398,1332
1399,1313
1400,1310
1401,1278
1402,1278
1403,1278
1404,1278
1405,1285
1406,1315
1407,1314
1408,1325
1409,1320
1410,1314
1411,1308
1412,1324
1413,1314
1414,1329
1415,1342
1416,1343
1417,1344
1418,1344
1419,1357
1420,1355
1421,1325
1422,1335
1423,1327
1424,1320
1425,1313
1426,1319
1427,1331
1428,1329
1429,1362
1430,1363
1431,1364
1432,1365
1433,1374
1434,1370
1435,1367
1436,1354
1437,1353
1438,1353
1439,1352
1440,1341
1441,1341
1442,1334
1443,1356
1444,1355
1445,1354
1446,1353
1447,1363
1448,1372
1449,1376
1450,1362
1451,1358
1452,1354
1453,1350
1454,1338
1455,1337
1456,1360
1457,1385
1458,1385
1459,1385
1460,1385
1461,1379
1462,1375
1463,1365
1464,1390
1465,1392
1466,1393
1467,1394
1468,1401
1469,1402
1470,1402
1471,1405
1472,1405
1473,1404
1474,1404
1475,1403
1476,1405
1477,1415
1478,1418
1479,1418
1480,1418
1481,1418
1482,1413
1483,1413
1484,1402
1485,1411
1486,1410
1487,1410
1488,1410
1489,1409
1490,1410
1491,1399
1492,1406
1493,1406
1494,1405
1495,1405
1496,1404
1497,1403
1498,1432
1499,1437
1500,1434
1501,1432
1502,1429
1503,1433
1504,1436
1505,1459
1506,1465
1507,1464
1508,1462
1509,1461
1510,1459
1511,1461
1512,1460
1513,1460
1514,1459
1515,1457
1516,1456
1517,1441
1518,1433
1519,1447
1520,1440
1521,1441
1522,1443
1523,1444
1524,1445
1525,1450
1526,1461
1527,1460
1528,1459
1529,1457
1530,1455
1531,1441
1532,1432
1533,1432
1534,1428
1535,1432
1536,1436
1537,1440
1538,1454
1539,1460
1540,1457
1541,1433
1542,1433
1543,1433
1544,1433
1545,1413
1546,1408
1547,1412
1548,1411
1549,1411
1550,1412
1551,1412
1552,1412
1553,1412
1554,1427
1555,1414
1556,1415
1557,1416
1558,1417
1559,1428
1560,1394
1561,1377
1562,1379
1563,1379
1564,1379
1565,1380
1566,1374
1567,1355
1568,1353
1569,1359
1570,1368
1571,1377
1572,1386
1573,1387
1574,1391
1575,1400
1576,1409
1577,1408
1578,1407
1579,1406
1580,1398
1581,1409
1582,1415
1583,1416
1584,1413
1585,1411
1586,1409
1587,1407
1588,1409
1589,1413
1590,1418
1591,1418
1592,1418
1593,1418
1594,1427
1595,1428
1596,1419
1597,1413
1598,1419
1599,1424
1600,1430
1601,1446
1602,1435
1603,1443
1604,1430
1605,1428
1606,1427
1607,1426
1608,1423
1609,1419
1610,1418
1611,1402
1612,1410
1613,1418
1614,1426
1615,1444
1616,1462
1617,1459
1618,1466
1619,1464
1620,1463
1621,1461
1622,1457
1623,1461
1624,1472
1625,1472
1626,1471
1627,1471
1628,1470
1629,1472
1630,1472
1631,1480
1632,1485
1633,1487
1634,1489
1635,1490
1636,1492
1637,1494
1638,1494
1639,1502
1640,1502
1641,1501
1642,1500
1643,1507
1644,1501
1645,1498
1646,1513
1647,1507
1648,1501
1649,1495
1650,1511
1651,1512
1652,1509
1653,1517
1654,1517
1655,1517
1656,1517
1657,1519
1658,1520
1659,1521
1660,1519
1661,1522
1662,1525
1663,1528
1664,1530
1665,1511
1666,1502
1667,1515
1668,1506
1669,1497
1670,1487
1671,1496
1672,1515
1673,1514
1674,1518
1675,1520
1676,1522
1677,1525
1678,1539
1679,1541
1680,1544
1681,1551
1682,1552
1683,1554
1684,1556
1685,1552
1686,1554
1687,1563
1688,1560
1689,1557
1690,1554
1691,1552
1692,1548
1693,1558
1694,1545
1695,1556
1696,1555
1697,1553
1698,1551
1699,1563
1700,1562
1701,1569
1702,1567
1703,1565
1704,1563
1705,1562
1706,1570
1707,1553
1708,1559
1709,1553
1710,1556
1711,1559
1712,1563
1713,1568
1714,1587
1715,1593
1716,1588
1717,1576
1718,1564
1719,1552
1720,1574
1721,1552
1722,1541
1723,1555
1724,1557
1725,1560
1726,1562
1727,1578
1728,1578
1729,1585
1730,1582
1731,1586
1732,1589
1733,1593
1734,1597
1735,1582
1736,1597
1737,1614
1738,1615
1739,1616
1740,1617
1741,1625
1742,1632
1743,1626
1744,1633
1745,1633
1746,1633
1747,1633
1748,1650
1749,1658
1750,1650
1751,1667
1752,1667
1753,1666
1754,1666
1755,1669
1756,1655
1757,1650
1758,1649
1759,1652
1760,1654
1761,1657
1762,1660
1763,1648
1764,1654
1765,1630
1766,1633
1767,1637
1768,1640
1769,1631
1770,1608
1771,1622
1772,1643
1773,1643
1774,1643
1775,1642
1776,1626
1777,1612
1778,1636
1779,1626
1780,1630
1781,1634
1782,1639
1783,1651
1784,1628
1785,1588
1786,1592
1787,1585
1788,1579
1789,1573
1790,1588
1791,1603
1792,1613
1793,1606
1794,1609
1795,1612
1796,1614
1797,1614
1798,1615
1799,1623
1800,1631
1801,1634
1802,1637
1803,1640
1804,1652
1805,1652
1806,1675
1807,1680
1808,1680
1809,1681
1810,1682
1811,1676
1812,1680
1813,1689
1814,1692
1815,1693
1816,1694
1817,1695
1818,1692
1819,1685
1820,1690
1821,1691
1822,1689
1823,1687
1824,1685
1825,1685
1826,1685
1827,1706
1828,1709
1829,1708
1830,1707
1831,1707
1832,1697
1833,1690
1834,1697
1835,1691
1836,1690
1837,1690
1838,1689
1839,1694
1840,1685
1841,1661
1842,1655
1843,1652
1844,1649
1845,1646
1846,1652
1847,1642
1848,1656
1849,1663
1850,1661
1851,1659
1852,1656
1853,1630
1854,1634
1855,1638
1856,1632
1857,1634
1858,1636
1859,1638
1860,1639
1861,1653
1862,1655
1863,1655
1864,1660
1865,1666
1866,1671
1867,1683
1868,1689
1869,1683
1870,1687
1871,1691
1872,1694
1873,1697
1874,1704
1875,1725
1876,1722
1877,1709
1878,1707
1879,1704
1880,1701
1881,1697
1882,1692
1883,1698
1884,1691
1885,1688
1886,1684
1887,1681
1888,1695
1889,1693
1890,1678
1891,1690
1892,1685
1893,1680
1894,1676
1895,1655
1896,1656
1897,1692
1898,1703
1899,1705
1900,1707
1901,1710
1902,1698
1903,1721
1904,1733
1905,1744
1906,1744
1907,1744
1908,1744
1909,1754
1910,1746
1911,1752
1912,1759
1913,1760
1914,1761
1915,1762
1916,1771
1917,1763
1918,1756
1919,1761
1920,1763
1921,1765
1922,1767
1923,1762
1924,1770
1925,1747
1926,1770
1927,1771
1928,1771
1929,1771
1930,1767
1931,1782
1932,1790
1933,1798
1934,1795
1935,1793
1936,1791
1937,1787
1938,1781
1939,1795
1940,1804
1941,1804
1942,1803
1943,1802
1944,1802
1945,1807
1946,1806
1947,1805
1948,1804
1949,1802
1950,1800
1951,1795
1952,1792
1953,1785
1954,1805
1955,1806
1956,1807
1957,1808
1958,1802
1959,1782
1960,1775
1961,1775
1962,1779
1963,1782
1964,1786
1965,1781
1966,1810
1967,1809
1968,1818
1969,1821
1970,1824
1971,1827
1972,1833
1973,1837
1974,1842
1975,1841
1976,1841
1977,1841
1978,1841
1979,1848
1980,1840
1981,1831
1982,1831
1983,1829
1984,1828
1985,1826
1986,1837
1987,1837
1988,1838
1989,1842
1990,1834
1991,1826
1992,1819
1993,1838
1994,1848
1995,1845
1996,1838
1997,1839
1998,1841
1999,1842
2000,1843
2001,1844
2002,1828
2003,1790
2004,1787
2005,1784
2006,1781
2007,1792
2008,1774
2009,1794
2010,1782
2011,1769
2012,1755
2013,1741
2014,1755
2015,1751
2016,1773
2017,1797
2018,1797
2019,1798
2020,1799
2021,1819
2022,1819
2023,1829
2024,1838
2025,1839
2026,1839
2027,1840
2028,1840
2029,1828
2030,1839
2031,1836
2032,1840
2033,1843
2034,1847
2035,1845
2036,1845
2037,1854
2038,1859
2039,1854
2040,1850
2041,1845
2042,1873
2043,1873
2044,1877
2045,1878
2046,1877
2047,1877
2048,1877
2049,1867
2050,1868
2051,1846
2052,1841
2053,1847
2054,1852
2055,1858
2056,1872
2057,1860
2058,1872
2059,1866
2060,1863
2061,1860
2062,1857
2063,1865
2064,1852
2065,1849
2066,1857
2067,1862
2068,1867
2069,1872
2070,1885
2071,1890
2072,1888
2073,1865
2074,1858
2075,1851
2076,1845
2077,1851
2078,1872
2079,1833
2080,1815
2081,1820
2082,1825
2083,1830
2084,1842
2085,1862
2086,1864
2087,1866
2088,1868
2089,1870
2090,1871
2091,1879
2092,1875
2093,1878
2094,1863
2095,1865
2096,1867
2097,1869
2098,1878
2099,1883
2100,1883
2101,1881
2102,1882
2103,1883
2104,1884
2105,1867
2106,1878
2107,1875
2108,1878
2109,1884
2110,1890
2111,1896
2112,1897
2113,1888
2114,1870
2115,1877
2116,1880
2117,1882
2118,1885
2119,1872
2120,1888
2121,1892
2122,1900
2123,1903
2124,1906
2125,1909
2126,1911
2127,1909
2128,1920
2129,1923
2130,1924
2131,1924
2132,1924
2133,1924
2134,1927
2135,1940
2136,1949
2137,1950
2138,1950
2139,1951
2140,1950
2141,1943
2142,1930
2143,1936
2144,1936
2145,1937
2146,1937
2147,1941
2148,1956
2149,1959
2150,1962
2151,1962
2152,1962
2153,1962
2154,1949
2155,1959
2156,1957
2157,1960
2158,1960
2159,1960
2160,1960
2161,1973
2162,1974
2163,1985
2164,1983
2165,1981
2166,1979
2167,1977
2168,1963
2169,1972
2170,1964
2171,1967
2172,1970
2173,1973
2174,1977
2175,1973
2176,1981
2177,1958
2178,1978
2179,1976
2180,1975
2181,1973
2182,1983
2183,1987
2184,1987
2185,1978
2186,1978
2187,1978
2188,1978
2189,1969
2190,1970
2191,1930
2192,1925
2193,1929
2194,1934
2195,1938
2196,1920
2197,1920
2198,1909
2199,1931
2200,1933
2201,1935
2202,1936
2203,1933
2204,1946
2205,1955
2206,1955
2207,1960
2208,1966
2209,1971
2210,1981
2211,1986
2212,1992
2213,1988
2214,1991
2215,1994
2216,1997
2217,2000
2218,2000
2219,1996
2220,2003
2221,2003
2222,2002
2223,2002
2224,2002
2225,2000
2226,1997
2227,2007
2228,2005
2229,2003
2230,2001
2231,1988
2232,1995
2233,1997
2234,1985
2235,1985
2236,1984
2237,1984
2238,1998
2239,2001
2240,2011
2241,2010
2242,2005
2243,1999
2244,1994
2245,1982
2246,1998
2247,1965
2248,1982
2249,1981
2250,1979
2251,1977
2252,1972
2253,1946
2254,1946
2255,1967
2256,1966
2257,1965
2258,1964
2259,1935
2260,1968
2261,1928
2262,1906
2263,1895
2264,1885
2265,1874
2266,1877
2267,1862
2268,1862
2269,1886
2270,1892
2271,1898
2272,1904
2273,1941
2274,1927
2275,1950
2276,1964
2277,1963
2278,1962
2279,1961
2280,1985
2281,1982
2282,1994
2283,2018
2284,2017
2285,2017
2286,2017
2287,2012
2288,2023
2289,2031
2290,2031
2291,2034
2292,2036
2293,2038
2294,2039
2295,2038
2296,2039
2297,2039
2298,2040
2299,2040
2300,2041
2301,2051
2302,2048
2303,2052
2304,2063
2305,2065
2306,2067
2307,2069
2308,2067
2309,2072
2310,2070
2311,2067
2312,2062
2313,2058
2314,2053
2315,2066
2316,2074
2317,2071
2318,2075
2319,2070
2320,2065
2321,2060
2322,2059
2323,2026
2324,2035
2325,2002
2326,1998
2327,1993
2328,1989
2329,1972
2330,2012
2331,2061
2332,2070
2333,2073
2334,2075
2335,2078
2336,2082
2337,2081
2338,2085
2339,2088
2340,2089
2341,2089
2342,2090
2343,2080
2344,2058
2345,2058
2346,2058
2347,2045
2348,2033
2349,2020
2350,2002
2351,2025
2352,2062
2353,2044
2354,2039
2355,2033
2356,2028
2357,2023
2358,2011
2359,1992
2360,2019
2361,2020
2362,2020
2363,2021
2364,2022
2365,2032
2366,2063
2367,2051
2368,2053
2369,2055
2370,2057
2371,2029
2372,2002
2373,2021
2374,1994
2375,2003
2376,2012
2377,2020
2378,2050
2379,2041
2380,2062
2381,2055
2382,2052
2383,2049
2384,2046
2385,2068
2386,2068
2387,2088
2388,2096
2389,2097
2390,2098
2391,2099
2392,2100
2393,2099
2394,2097
2395,2110
2396,2110
2397,2109
2398,2109
2399,2115
2400,2113
2401,2110
2402,2104
2403,2108
2404,2113
2405,2117
2406,2107
2407,2098
2408,2101
2409,2071
2410,2073
2411,2076
2412,2079
2413,2044
2414,2040
2415,2065
2416,2053
2417,2062
2418,2071
2419,2081
2420,2074
2421,2099
2422,2089
2423,2108
2424,2106
2425,2105
2426,2104
2427,2091
2428,2061
2429,2056
2430,2061
2431,2069
2432,2077
2433,2086
2434,2067
2435,2059
2436,2066
2437,2070
2438,2073
2439,2077
2440,2080
2441,2076
2442,2081
2443,2091
2444,2102
2445,2098
2446,2095
2447,2092
2448,2095
2449,2106
2450,2104
2451,2081
2452,2087
2453,2093
2454,2100
2455,2097
2456,2107
2457,2112
2458,2117
2459,2114
2460,2111
2461,2108
2462,2114
2463,2106
2464,2085
2465,2108
2466,2110
2467,2112
2468,2114
2469,2089
2470,2080
2471,2088
2472,2116
2473,2112
2474,2108
2475,2105
2476,2099
2477,2098
2478,2121
2479,2122
2480,2124
2481,2127
2482,2129
2483,2127
2484,2125
2485,2130
2486,2126
2487,2120
2488,2115
2489,2109
2490,2104
2491,2123
2492,2120
2493,2107
2494,2108
2495,2110
2496,2111
2497,2109
2498,2114
2499,2095
2500,2092
2501,2088
2502,2083
2503,2079
2504,2080
2505,2105
2506,2108
2507,2094
2508,2090
2509,2087
2510,2084
2511,2096
2512,2100
2513,2121
2514,2109
2515,2114
2516,2118
2517,2122
2518,2124
2519,2108
2520,2102
2521,2101
2522,2086
2523,2072
2524,2057
2525,2063
2526,2077
2527,2076
2528,2074
2529,2072
2530,2070
2531,2068
2532,2081
2533,2046
2534,2051
2535,2076
2536,2084
2537,2091
2538,2099
2539,2108
2540,2107
2541,2124
2542,2126
2543,2127
2544,2127
2545,2128
2546,2119
2547,2114
2548,2102
2549,2079
2550,2075
2551,2071
2552,2067
2553,2093
2554,2108
2555,2108
2556,2103
2557,2101
2558,2099
2559,2098
2560,2093
2561,2099
2562,2083
2563,2077
2564,2086
2565,2095
2566,2104
2567,2084
2568,2086
2569,2083
2570,2091
2571,2095
2572,2098
2573,2102
2574,2096
2575,2079
2576,2035
2577,1970
2578,1944
2579,1919
2580,1893
2581,1867
2582,1940
2583,1987
2584,1988
2585,1983
2586,1977
2587,1972
2588,1913
2589,1948
2590,1951
2591,1921
2592,1933
2593,1945
2594,1957
2595,1969
2596,1942
2597,1952
2598,1961
2599,1958
2600,1955
2601,1953
2602,1978
2603,1995
2604,1990
2605,1958
2606,1961
2607,1963
2608,1966
2609,1942
2610,1938
2611,1932
2612,1931
2613,1914
2614,1898
2615,1881
2616,1884
2617,1920
2618,1923
2619,1951
2620,1963
2621,1975
2622,1987
2623,1979
2624,1995
2625,2013
2626,2014
2627,2015
2628,2016
2629,2017
2630,2003
2631,1994
2632,2023
2633,2033
2634,2033
2635,2033
2636,2033
2637,2030
2638,2018
2639,2052
2640,2075
2641,2073
2642,2072
2643,2071
2644,2065
2645,2090
2646,2089
2647,2079
2648,2087
2649,2095
2650,2104
2651,2109
2652,2102
2653,2099
2654,2099
2655,2092
2656,2085
2657,2078
2658,2081
2659,2075
2660,2045
2661,2023
2662,2033
2663,2043
2664,2053
2665,2050
2666,2083
2667,2081
2668,2089
2669,2088
2670,2087
2671,2086
2672,2089
2673,2088
2674,2089
2675,2090
2676,2086
2677,2083
2678,2080
2679,2102
2680,2079
2681,2049
2682,2091
2683,2086
2684,2081
2685,2077
2686,2063
2687,2047
2688,2052
2689,2012
2690,2015
2691,2018
2692,2021
2693,2043
2694,2073
2695,2041
2696,2005
2697,2010
2698,2015
2699,2021
2700,2038
2701,2064
2702,2060
2703,2059
2704,2058
2705,2057
2706,2056
2707,2078
2708,2063
2709,2043
2710,2036
2711,2028
2712,2020
2713,2012
2714,2016
2715,1990
2716,1943
2717,1922
2718,1922
2719,1923
2720,1923
2721,1938
2722,1890
2723,1921
2724,1880
2725,1880
2726,1880
2727,1881
2728,1881
2729,1859
2730,1868
2731,1906
2732,1896
2733,1887
2734,1877
2735,1903
2736,1882
2737,1893
2738,1940
2739,1939
2740,1939
2741,1939
2742,1903
2743,1912
2744,1915
2745,1880
2746,1871
2747,1862
2748,1853
2749,1852
2750,1851
2751,1829
2752,1864
2753,1872
2754,1880
2755,1887
2756,1895
2757,1926
2758,1917
2759,1917
2760,1927
2761,1936
2762,1945
2763,1921
2764,1929
2765,1951
2766,1948
2767,1942
2768,1937
2769,1932
2770,1978
2771,1986
2772,1993
2773,1999
2774,2000
2775,2001
2776,2001
2777,1979
2778,1989
2779,1989
2780,2022
2781,2021
2782,2020
2783,2019
2784,2015
2785,2027
2786,2040
2787,2049
2788,2050
2789,2050
2790,2051
2791,2049
2792,2036
2793,2035
2794,2036
2795,2036
2796,2036
2797,2037
2798,2055
2799,2063
2800,2059
2801,2072
2802,2070
2803,2068
2804,2066
2805,2045
2806,2066
2807,2041
2808,2047
2809,2045
2810,2043
2811,2041
2812,2061
2813,2082
2814,2082
2815,2080
2816,2085
2817,2089
2818,2094
2819,2100
2820,2102
2821,2091
2822,2091
2823,2090
2824,2089
2825,2087
2826,2091
2827,2095
2828,2075
2829,2065
2830,2070
2831,2076
2832,2081
2833,2063
2834,2051
2835,2050
2836,2057
2837,2057
2838,2058
2839,2058
2840,2084
2841,2064
2842,2064
2843,2046
2844,2053
2845,2059
2846,2066
2847,2047
2848,2047
2849,2040
2850,2052
2851,2050
2852,2049
2853,2048
2854,2076
2855,2090
2856,2090
2857,2099
2858,2098
2859,2098
2860,2097
2861,2096
2862,2099
2863,2105
2864,2099
2865,2102
2866,2105
2867,2109
2868,2112
2869,2119
2870,2115
2871,2096
2872,2090
2873,2084
2874,2079
2875,2075
2876,2071
2877,2077
2878,2071
2879,2075
2880,2079
2881,2083
2882,2088
2883,2085
2884,2113
2885,2037
2886,2025
2887,2012
2888,2000
2889,2036
2890,2070
2891,2098
2892,2102
2893,2099
2894,2095
2895,2092
2896,2088
2897,2099
2898,2097
2899,2129
2900,2132
2901,2134
2902,2137
2903,2152
2904,2152
2905,2163
2906,2161
2907,2163
2908,2165
2909,2166
2910,2163
2911,2173
2912,2165
2913,2175
2914,2172
2915,2170
2916,2168
2917,2169
2918,2166
2919,2170
2920,2173
2921,2172
2922,2171
2923,2170
2924,2157
2925,2163
2926,2164
2927,2182
2928,2182
2929,2181
2930,2180
2931,2181
2932,2175
2933,2185
2934,2184
2935,2186
2936,2188
2937,2190
2938,2178
2939,2182
2940,2187
2941,2183
2942,2183
2943,2183
2944,2182
2945,2186
2946,2175
2947,2172
2948,2169
2949,2172
2950,2176
2951,2180
2952,2176
2953,2170
2954,2170
2955,2179
2956,2181
2957,2183
2958,2184
2959,2186
2960,2186
2961,2181
2962,2127
2963,2138
2964,2148
2965,2159
2966,2127
2967,2125
2968,2147
2969,2139
2970,2139
2971,2139
2972,2139
2973,2139
2974,2163
2975,2177
2976,2164
2977,2158
2978,2152
2979,2146
2980,2159
2981,2171
2982,2151
2983,2168
2984,2165
2985,2163
2986,2161
2987,2150
2988,2159
2989,2160
2990,2153
2991,2157
2992,2160
2993,2163
2994,2136
2995,2139
2996,2132
2997,2132
2998,2130
2999,2128
3000,2126
3001,2139
3002,2144
3003,2141
3004,2141
3005,2144
3006,2147
3007,2151
3008,2143
3009,2139
3010,2133
3011,2126
3012,2126
3013,2126
3014,2126
3015,2111
3016,2097
3017,2088
3018,2085
3019,2100
3020,2116
3021,2131
3022,2139
3023,2163
3024,2167
3025,2164
3026,2164
3027,2164
3028,2164
3029,2180
3030,2176
3031,2187
3032,2181
3033,2187
3034,2192
3035,2198
3036,2202
3037,2204
3038,2209
3039,2213
3040,2209
3041,2205
3042,2201
3043,2204
3044,2198
3045,2191
3046,2191
3047,2196
3048,2200
3049,2204
3050,2212
3051,2241
3052,2246
3053,2259
3054,2258
3055,2257
3056,2256
3057,2271
3058,2253
3059,2262
3060,2258
3061,2259
3062,2261
3063,2262
3064,2270
3065,2265
3066,2260
3067,2263
3068,2265
3069,2266
3070,2267
3071,2268
3072,2249
3073,2249
3074,2238
3075,2243
3076,2248
3077,2253
3078,2257
3079,2270
3080,2269
3081,2276
3082,2274
3083,2271
3084,2268
3085,2268
3086,2275
3087,2270
3088,2274
3089,2272
3090,2271
3091,2269
3092,2267
3093,2271
3094,2263
3095,2271
3096,2269
3097,2267
3098,2265
3099,2280
3100,2298
3101,2296
3102,2294
3103,2290
3104,2285
3105,2280
3106,2278
3107,2279
3108,2280
3109,2297
3110,2295
3111,2294
3112,2292
3113,2293
3114,2294
3115,2307
3116,2316
3117,2320
3118,2324
3119,2328
3120,2337
3121,2349
3122,2347
3123,2351
3124,2354
3125,2358
3126,2361
3127,2365
3128,2362
3129,2363
3130,2367
3131,2368
3132,2368
3133,2369
3134,2363
3135,2395
3136,2381
3137,2383
3138,2380
3139,2377
3140,2375
3141,2368
3142,2362
3143,2364
3144,2372
3145,2372
3146,2373
3147,2373
3148,2365
3149,2385
3150,2381
3151,2378
3152,2376
3153,2375
3154,2373
3155,2344
3156,2348
3157,2345
3158,2343
3159,2343
3160,2342
3161,2341
3162,2358
3163,2361
3164,2368
3165,2362
3166,2361
3167,2360
3168,2358
3169,2360
3170,2352
3171,2357
3172,2355
3173,2356
3174,2356
3175,2357
3176,2353
3177,2344
3178,2328
3179,2333
3180,2338
3181,2343
3182,2349
3183,2342
3184,2338
3185,2355
3186,2348
3187,2357
3188,2365
3189,2374
3190,2388
3191,2387
3192,2388
3193,2384
3194,2385
3195,2386
3196,2388
3197,2391
3198,2388
3199,2389
3200,2399
3201,2399
3202,2399
3203,2399
3204,2396
3205,2399
3206,2394
3207,2390
3208,2394
3209,2398
3210,2402
3211,2400
3212,2357
3213,2365
3214,2381
3215,2385
3216,2389
3217,2394
3218,2398
3219,2404
3220,2415
3221,2415
3222,2415
3223,2414
3224,2413
3225,2412
3226,2411
3227,2430
3228,2439
3229,2438
3230,2437
3231,2436
3232,2429
3233,2433
3234,2433
3235,2431
3236,2430
3237,2430
3238,2429
3239,2440
3240,2437
3241,2432
3242,2433
3243,2439
3244,2446
3245,2453
3246,2437
3247,2435
3248,2434
3249,2438
3250,2438
3251,2438
3252,2439
3253,2419
3254,2440
3255,2419
3256,2423
3257,2425
3258,2427
3259,2429
3260,2430
3261,2432
3262,2409
3263,2425
3264,2425
3265,2426
3266,2427
3267,2425
3268,2443
3269,2447
3270,2459
3271,2459
3272,2459
3273,2459
3274,2460
3275,2473
3276,2473
3277,2472
3278,2471
3279,2470
3280,2469
3281,2477
3282,2477
3283,2475
3284,2472
3285,2471
3286,2470
3287,2470
3288,2476
3289,2477
3290,2472
3291,2476
3292,2478
3293,2479
3294,2480
3295,2474
3296,2474
3297,2438
3298,2441
3299,2449
3300,2457
3301,2465
3302,2464
3303,2468
3304,2430
3305,2425
3306,2426
3307,2427
3308,2428
3309,2452
3310,2444
3311,2438
3312,2443
3313,2443
3314,2443
3315,2444
3316,2446
3317,2457
3318,2471
3319,2476
3320,2471
3321,2467
3322,2462
3323,2457
3324,2465
3325,2465
3326,2461
3327,2470
3328,2479
3329,2488
3330,2496
3331,2498
3332,2495
3333,2500
3334,2501
3335,2502
3336,2503
3337,2506
3338,2508
3339,2500
3340,2502
3341,2500
3342,2498
3343,2496
3344,2496
3345,2507
3346,2510
3347,2519
3348,2522
3349,2525
3350,2529
3351,2534
3352,2537
3353,2552
3354,2549
3355,2547
3356,2546
3357,2544
3358,2550
3359,2555
3360,2550
3361,2553
3362,2554
3363,2556
3364,2557
3365,2559
3366,2561
3367,2562
3368,2575
3369,2571
3370,2568
3371,2564
3372,2569
3373,2557
3374,2560
3375,2581
3376,2578
3377,2575
3378,2572
3379,2575
3380,2579
3381,2579
3382,2587
3383,2588
3384,2590
3385,2591
3386,2590
3387,2594
3388,2584
3389,2582
3390,2583
3391,2583
3392,2584
3393,2578
3394,2564
3395,2585
3396,2578
3397,2579
3398,2581
3399,2582
3400,2599
3401,2597
3402,2599
3403,2602
3404,2602
3405,2601
3406,2601
3407,2627
3408,2626
3409,2647
3410,2642
3411,2641
3412,2640
3413,2639
3414,2629
3415,2629
3416,2636
3417,2651
3418,2654
3419,2657
3420,2659
3421,2664
3422,2662
3423,2652
3424,2675
3425,2680
3426,2685
3427,2690
3428,2681
3429,2679
3430,2684
3431,2683
3432,2682
3433,2681
3434,2681
3435,2680
3436,2682
3437,2687
3438,2673
3439,2679
3440,2684
3441,2690
3442,2695
3443,2713
3444,2723
3445,2743
3446,2744
3447,2746
3448,2747
3449,2751
3450,2748
3451,2767
3452,2786
3453,2783
3454,2781
3455,2778
3456,2776
3457,2802
3458,2798
3459,2810
3460,2817
3461,2825
3462,2832
3463,2839
3464,2837
3465,2839
3466,2872
3467,2866
3468,2859
3469,2853
3470,2822
3471,2823
3472,2821
3473,2762
3474,2724
3475,2686
3476,2648
3477,2695
3478,2681
3479,2581
3480,2619
3481,2631
3482,2643
3483,2656
3484,2662
3485,2698
3486,2731
3487,2732
3488,2728
3489,2724
3490,2720
3491,2716
3492,2701
3493,2703
3494,2747
3495,2758
3496,2768
3497,2779
3498,2744
3499,2713
3500,2677
3501,2691
3502,2701
3503,2711
3504,2720
3505,2728
3506,2726
3507,2738
3508,2786
3509,2785
3510,2784
3511,2783
3512,2765
3513,2749
3514,2747
3515,2752
3516,2738
3517,2725
3518,2712
3519,2716
3520,2711
3521,2643
3522,2588
3523,2611
3524,2635
3525,2658
3526,2612
3527,2605
3528,2640
3529,2626
3530,2611
3531,2596
3532,2581
3533,2614
3534,2644
3535,2662
3536,2604
3537,2607
3538,2610
3539,2613
3540,2656
3541,2642
3542,2663
3543,2656
3544,2663
3545,2670
3546,2677
3547,2706
3548,2708
3549,2693
3550,2670
3551,2670
3552,2670
3553,2670
3554,2634
3555,2639
3556,2666
3557,2669
3558,2662
3559,2655
3560,2648
3561,2654
3562,2635
3563,2629
3564,2663
3565,2666
3566,2669
3567,2672
3568,2671
3569,2697
3570,2723
3571,2727
3572,2728
3573,2729
3574,2730
3575,2711
3576,2722
3577,2720
3578,2712
3579,2719
3580,2726
3581,2733
3582,2724
3583,2733
3584,2727
3585,2721
3586,2713
3587,2705
3588,2697
3589,2689
3590,2724
3591,2705
3592,2734
3593,2738
3594,2742
3595,2746
3596,2748
3597,2772
3598,2770
3599,2779
3600,2780
3601,2781
3602,2782
3603,2786
3604,2775
3605,2782
3606,2779
3607,2777
3608,2775
3609,2773
3610,2762
3611,2767
3612,2749
3613,2754
3614,2742
3615,2729
3616,2717
3617,2723
3618,2699
3619,2716
3620,2718
3621,2721
3622,2723
3623,2726
3624,2713
3625,2724
3626,2736
3627,2759
3628,2767
3629,2776
3630,2784
3631,2793
3632,2774
3633,2798
3634,2801
3635,2800
3636,2799
3637,2798
3638,2809
3639,2815
3640,2804
3641,2801
3642,2803
3643,2805
3644,2806
3645,2820
3646,2846
3647,2837
3648,2818
3649,2813
3650,2808
3651,2802
3652,2816
